dest_ann,ρ_δ,ξ_inv,Δu,Δv,Δe_t,Δe_t1,ΔM_t,resid_u,resid_vpre,c3_u,c3_v,holds
0.032,0.0,1.0,0.00016839555838536196,-4.075103544571709e-6,1.2632915031353167e-6,1.1356933447614585e-6,4.0535040098818377e-7,-1.3648887364195691e-14,-5.251355943647205e-13,0.0023948680807909435,0.3282518677026928,true
0.032,0.592,1.0,0.00016783568243337814,-1.1270728408889178e-6,3.0129038530892433e-6,2.898723145171592e-6,9.667458238716252e-7,-5.138404654756025e-15,-1.1686745346537385e-13,0.0057116724448376425,0.8142110826021035,true
0.032,0.9,1.0,0.00016532866484689185,1.2064878911938998e-5,1.0847333810884926e-5,1.0784467167548605e-5,3.4805673108560055e-6,4.4639890438192966e-14,2.0487758202637953e-12,0.020563688935530133,2.9887985144038103,false
0.032,0.592,0.5,0.00016716114244889196,2.283895863320482e-6,5.120841304627241e-6,4.881999718502729e-6,1.643116470803274e-6,2.9866977055769384e-14,5.816145488769557e-13,0.009707766858884477,1.3764819135920108,false
0.032,0.592,2.0,0.00016829303799398832,-3.464985859139353e-6,1.5836677261842523e-6,1.528822327686956e-6,5.081490267666843e-7,-2.0874768909946344e-15,1.678311577842037e-13,0.0030022170485628536,0.42882487429886085,true
0.0754,0.0,1.0,0.0004055191108062813,-2.586787771736648e-6,6.674430535782501e-6,5.957364368408073e-6,2.1498164005915737e-6,4.7872937959630065e-15,1.570732348960224e-13,0.005239278668608349,0.8016161166523638,true
0.0754,0.592,1.0,0.0004026898511986677,1.2324868846209872e-5,1.5515866809570498e-5,1.4914415742297301e-5,4.997619610808997e-6,1.1968234489907516e-15,4.238638782864128e-14,0.012179608367265784,1.9452091007132934,false
0.0754,0.9,1.0,0.0003916423080933504,7.05118989901202e-5,5.0039439013654775e-5,4.985021862809295e-5,1.6117570793677347e-5,-2.500031204558459e-14,-8.143383261606851e-13,0.03927984028118017,6.4076428289577265,false
0.0754,0.592,0.5,0.00039958614846645165,2.786921361576595e-5,2.5214937847739043e-5,2.3926548156541728e-5,8.121664707476379e-6,-3.8564311134146444e-15,-3.2272118732979294e-13,0.01979316217131898,3.137323704458748,false
0.0754,0.592,2.0,0.000404913402344295,1.021349322017434e-6,8.56726947949327e-6,8.290696288952335e-6,2.759494811813631e-6,7.712862226829289e-15,6.166001429417074e-13,0.006725114898040676,1.078328514990061,false
