dest_ann,ρ_δ,ξ_inv,v_h1,max_vq,min_uq,first_neg_month
0.032,0.0,1.0,-4.075103544571709e-6,-1.6877456921925837e-5,6.784740382238299e-5,1
0.032,0.592,1.0,-1.1270728408889178e-6,-1.52266673974948e-5,0.0001298236775494272,1
0.032,0.9,1.0,1.2064878911938998e-5,-3.000406972957341e-6,0.00014430678625970318,2
0.032,0.592,0.5,2.283895863320482e-6,-1.1923157837832047e-5,0.00012907243008989202,2
0.032,0.592,2.0,-3.464985859139353e-6,-1.7495256876181517e-5,0.00013033572948168318,1
0.0754,0.0,1.0,-2.586787771736648e-6,-3.3828044131196156e-5,0.00011236025696838676,1
0.0754,0.592,1.0,1.2324868846209872e-5,-2.2010937579498632e-5,0.00027889186231179285,2
0.0754,0.9,1.0,7.05118989901202e-5,3.333114523963954e-5,0.00033970844162931865,2
0.0754,0.592,0.5,2.786921361576595e-5,-7.004635616273548e-6,0.0002211946381682501,2
0.0754,0.592,2.0,1.021349322017434e-6,-3.2955559990952886e-5,0.00031289022605806384,2
