dest_ann,ρ_s,ξ_inv,θ_ss,d,Δe_t,ΔM_t,Δe_t1,Δu,Δv_pre,Δv,resid_u,resid_vpre,resid_v,cond_i,cond_ii,holds
0.032,0.0,1.0,0.5124999999999978,0.0022464064159478142,-5.611398611707746e-7,-1.8005208391847492e-7,-5.821904046315017e-7,0.0022465859807034314,0.0022460263596214506,0.0022454441692168186,4.2500725161431774e-17,3.686287386450715e-17,-4.336808689942018e-19,-7.993422485791767e-5,0.0004283493513020034,true
0.032,0.5,1.0,0.5124999999999978,0.0022464064159478142,-1.1837648722507836e-6,-3.798328132910574e-7,-1.1665820162881424e-6,0.002246785220706977,0.0022456046598086036,0.002244438077792315,4.2500725161431774e-17,3.5561831257524545e-17,-4.336808689942018e-19,-0.00016862699306368576,0.0008762164057049848,true
0.032,0.8741,1.0,0.5124999999999978,0.0022464064159478142,-4.581893626301637e-6,-1.4701851584508317e-6,-4.538785038960292e-6,0.0022478726219082724,0.0022433031296193082,0.0022387643445803476,4.163336342344337e-17,3.2959746043559335e-17,-4.336808689942018e-19,-0.0006526895356101109,0.0034019095179066167,true
0.032,0.95,1.0,0.5124999999999978,0.0022464064159478142,-9.830133591284183e-6,-3.154179841394604e-6,-9.80799380246467e-6,0.0022495520586970634,0.0022397485313111415,0.0022299405375086766,3.8163916471489756e-17,2.688821387764051e-17,-4.336808689942018e-19,-0.001400299930982787,0.007329875093958347,true
0.032,0.8741,0.5,0.5125000000000024,0.0022464064159478147,-9.211492109675997e-6,-2.9556773009946383e-6,-9.031895407972518e-6,0.0022493540934229064,0.002240167533105724,0.002231135637697753,-4.336808689942018e-18,-3.0357660829594124e-18,1.734723475976807e-18,-0.0013121746154969457,0.006797869762857227,true
0.032,0.8741,2.0,0.5125000000000027,0.0022464064159478147,-2.112728525485328e-6,-6.779079514578633e-7,-2.1203753060860696e-6,0.0022470824890762297,0.0022449754788543934,0.002242855103548308,2.5977484052752686e-16,2.3288662664988635e-16,8.673617379884035e-19,-0.00030095761984814777,0.0015808859761656333,true
0.0754,0.0,1.0,0.5125000000000018,0.001944305478511071,-2.0614935430166472e-6,-6.640016110334765e-7,-2.001962259904993e-6,0.0019449651564448364,0.0019429170864125802,0.0019409151241526754,2.168404344971009e-19,4.336808689942018e-19,2.168404344971009e-19,-0.0003392871856075096,0.0017437354345123282,true
0.0754,0.5,1.0,0.5125000000000018,0.001944305478511071,-4.3260677521688025e-6,-1.3934149668384033e-6,-4.108444266227067e-6,0.0019456898201917659,0.0019413919218302885,0.0019372834775640618,8.673617379884035e-19,1.3010426069826053e-18,4.336808689942018e-19,-0.0007119980352851102,0.0036115728853411437,true
0.0754,0.8741,1.0,0.5125000000000018,0.001944305478511071,-1.561063561905395e-5,-5.028144393380278e-6,-1.530610574325859e-5,0.0019493008819091713,0.0019337918956675397,0.0019184857899242813,3.2526065174565133e-18,4.553649124439119e-18,2.168404344971009e-19,-0.0025692482242669792,0.013279646059819149,true
0.0754,0.95,1.0,0.5125000000000018,0.001944305478511071,-2.9780088612440837e-5,-9.592087679520575e-6,-2.9582063024044377e-5,0.001953835106867057,0.0019242489326819902,0.0018946668696579465,5.204170427930421e-18,6.071532165918825e-18,6.505213034913027e-19,-0.004901302013137623,0.025530252011193227,true
0.0754,0.8741,0.5,0.5125000000000017,0.001944305478511071,-2.9427192309798682e-5,-9.478420714966845e-6,-2.8506534930297003e-5,0.001953722180050205,0.0019244866042671548,0.001895980069336856,-1.3010426069826053e-18,6.071532165918825e-18,-1.734723475976807e-18,-0.004843221213544444,0.024854843906126495,true
0.0754,0.8741,2.0,0.5125,0.0019443054785110705,-7.590311001362442e-6,-2.4448190731535937e-6,-7.547314060227453e-6,0.0019467343780315048,0.0019391934916920582,0.0019316461776318322,-1.734723475976807e-18,1.0842021724855044e-18,1.3010426069826053e-18,-0.0012492376055515668,0.006510962921801343,true
