,state_fips,industry_code,emp_state_ind,emp_state_total,emp_nat_ind,share,emp_nat_loo,share_of_nat
0,01,10,21888,1574557,1776779,0.013901052804058539,1754891,0.012318920923761481
1,01,20,110025,1574557,7589577,0.06987679709276959,7479552,0.014496855358342105
2,01,30,302792,1574557,14108909,0.19230297791696332,13806117,0.021461049894077565
3,01,40,383473,1574557,25978749,0.24354342205458424,25595276,0.014761026406621813
4,01,50,30305,1574557,3018358,0.019246683352841465,2988053,0.01004022716987183
5,01,55,96572,1574557,8135115,0.06133280662433942,8038543,0.011871006125912173
6,01,60,213949,1574557,17325563,0.13587885354420323,17111614,0.012348747339408248
7,01,65,197774,1574557,16829499,0.12560612286503442,16631725,0.011751627306314941
8,01,70,169709,1574557,12970494,0.1077820618751814,12800785,0.01308423565054654
9,01,80,48070,1574557,4308397,0.030529221870024395,4260327,0.011157281931075526
10,02,10,13196,231079,1776779,0.05710601136407895,1763583,0.007426922537918334
11,02,20,17994,231079,7589577,0.07786947321046049,7571583,0.002370883120363625
12,02,30,13208,231079,14108909,0.05715794165631667,14095701,0.000936146090388704
13,02,40,63780,231079,25978749,0.2760095032434795,25914969,0.002455083576195297
14,02,50,6947,231079,3018358,0.030063311681286488,3011411,0.0023015825160567433
15,02,55,13700,231079,8135115,0.059287083638063176,8121415,0.001684057324327929
16,02,60,24342,231079,17325563,0.10534059780421415,17301221,0.001404975988370479
17,02,65,37054,231079,16829499,0.16035208738137174,16792445,0.0022017292374538304
18,02,70,31371,231079,12970494,0.13575876648245838,12939123,0.002418643422525002
19,02,80,9487,231079,4308397,0.041055223538270465,4298910,0.0022019790655317976
20,04,10,37927,2216846,1776779,0.01710854069249736,1738852,0.0213459299102477
21,04,20,239650,2216846,7589577,0.10810403609452349,7349927,0.03157619983300782
22,04,30,187057,2216846,14108909,0.08437979002600993,13921852,0.013258076864766793
23,04,40,510489,2216846,25978749,0.2302771595320559,25468260,0.019650253366703684
24,04,50,44885,2216846,3018358,0.020247234133539273,2973473,0.014870668091724043
25,04,55,181637,2216846,8135115,0.081934875043192,7953478,0.022327527023281172
26,04,60,394485,2216846,17325563,0.1779487614385483,16931078,0.02276895706073159
27,04,65,284407,2216846,16829499,0.12829353053843162,16545092,0.016899314709249515
28,04,70,266285,2216846,12970494,0.12011885354237507,12704209,0.020530058454211537
29,04,80,70024,2216846,4308397,0.03158721895882709,4238373,0.01625291262620413
30,05,10,18550,973616,1776779,0.01905268606925112,1758229,0.01044024045759208
31,05,20,56956,973616,7589577,0.058499449474947,7532621,0.007504502556598345
32,05,30,198822,973616,14108909,0.20420987329706988,13910087,0.014091947151973268
33,05,40,244917,973616,25978749,0.25155400075594486,25733832,0.009427590219990963
34,05,50,19911,973616,3018358,0.020450567780315853,2998447,0.00659663300377225
35,05,55,51171,973616,8135115,0.052557681878687285,8083944,0.006290138492203245
36,05,60,114216,973616,17325563,0.11731113703965423,17211347,0.00659233988528973
37,05,65,145778,973616,16829499,0.14972843502982697,16683721,0.008662052269054473
38,05,70,97450,973616,12970494,0.10009079554978555,12873044,0.007513206513182921
39,05,80,25845,973616,4308397,0.026545373124517265,4282552,0.0059987508114967125
40,06,10,402871,13100731,1776779,0.03075179545324608,1373908,0.22674232417199888
41,06,20,929950,13100731,7589577,0.07098458856990499,6659627,0.12252988539413988
42,06,30,1495034,13100731,14108909,0.11411836484544259,12613875,0.10596382753620426
43,06,40,2854723,13100731,25978749,0.2179056267928866,23124026,0.10988685405906189
44,06,50,470144,13100731,3018358,0.0358868524206779,2548214,0.15576151006606903
45,06,55,934448,13100731,8135115,0.07132792818965598,7200667,0.11486598529953172
46,06,60,2222644,13100731,17325563,0.169658013739844,15102919,0.1282869711073747
47,06,65,1576182,13100731,16829499,0.12031252301875368,15253317,0.09365590740401719
48,06,70,1514160,13100731,12970494,0.11557828337975949,11456334,0.11673880732684506
49,06,80,700575,13100731,4308397,0.05347602358982869,3607822,0.16260688139927681
50,08,10,35514,1890372,1776779,0.01878677847534771,1741265,0.019987854426464967
51,08,20,167647,1890372,7589577,0.08868466100852107,7421930,0.022089109841035938
52,08,30,149147,1890372,14108909,0.07889822743883214,13959762,0.010571122118655666
53,08,40,415032,1890372,25978749,0.21955043769162894,25563717,0.015975827011531617
54,08,50,75633,1890372,3018358,0.040009585414934205,2942725,0.025057663802637062
55,08,55,156739,1890372,8135115,0.08291436817726881,7978376,0.01926696795312666
56,08,60,331871,1890372,17325563,0.1755585673084451,16993692,0.01915499080751373
57,08,65,228145,1890372,16829499,0.12068788577063139,16601354,0.013556256190395211
58,08,70,264980,1890372,12970494,0.14017346850249582,12705514,0.020429445478329505
59,08,80,65664,1890372,4308397,0.0347360202118948,4242733,0.01524093531770633
60,09,10,5868,1424932,1776779,0.004118091249266632,1770911,0.0033026054450215813
61,09,20,67157,1424932,7589577,0.04712996830725957,7522420,0.00884858273392575
62,09,30,193714,1424932,14108909,0.13594613637703412,13915195,0.013729906401692717
63,09,40,307295,1424932,25978749,0.21565590498353607,25671454,0.011828706609390621
64,09,50,37730,1424932,3018358,0.026478456515819704,2980628,0.012500173935629902
65,09,55,144325,1424932,8135115,0.10128553502903999,7990790,0.017740990754279443
66,09,60,205869,1424932,17325563,0.14447636799510433,17119694,0.011882384428142392
67,09,65,272738,1424932,16829499,0.19140422139442442,16556761,0.016205948852072185
68,09,70,132475,1424932,12970494,0.09296934871278068,12838019,0.010213566268177604
69,09,80,57761,1424932,4308397,0.040535969435734474,4250636,0.013406610393610432
70,10,10,1406,364323,1776779,0.0038592128413523167,1775373,0.000791319573227734
71,10,20,29247,364323,7589577,0.08027766569774623,7560330,0.0038535744482202368
72,10,30,33245,364323,14108909,0.0912514444599984,14075664,0.00235631259653032
73,10,40,81169,364323,25978749,0.22279405911787067,25897580,0.0031244383630635946
74,10,50,6710,364323,3018358,0.01841772273504555,3011648,0.002223063003129516
75,10,55,44031,364323,8135115,0.12085704169102691,8091084,0.005412461901276135
76,10,60,62212,364323,17325563,0.1707605613699931,17263351,0.0035907635440187427
77,10,65,52085,364323,16829499,0.1429637986072798,16777414,0.0030948633705614173
78,10,70,40927,364323,12970494,0.1123371294153814,12929567,0.003155392539405207
79,10,80,13291,364323,4308397,0.03648136406430558,4295106,0.003084906056707402
80,12,10,97141,6878020,1776779,0.014123395977330686,1679638,0.05467252820975484
81,12,20,634751,6878020,7589577,0.0922868790727564,6954826,0.08363456883038409
82,12,30,402317,6878020,14108909,0.058493141921657686,13706592,0.0285151034711472
83,12,40,1593327,6878020,25978749,0.2316548948679998,24385422,0.06133193711521675
84,12,50,167289,6878020,3018358,0.024322261348469473,2851069,0.05542384302988579
85,12,55,544294,6878020,8135115,0.07913527439582903,7590821,0.06690673702830262
86,12,60,1347000,6878020,17325563,0.19584124500946493,15978563,0.07774639127167181
87,12,65,939776,6878020,16829499,0.13663467102450996,15889723,0.05584099681161037
88,12,70,904030,6878020,12970494,0.13143753580245476,12066464,0.06969896443419965
89,12,80,248095,6878020,4308397,0.03607070057952725,4060302,0.057584062007284845
90,13,10,33050,3352480,1776779,0.00985837350260106,1743729,0.01860107531662632
91,13,20,218511,3352480,7589577,0.06517891232759032,7371066,0.02879093261719329
92,13,30,447903,3352480,14108909,0.13360348160167995,13661006,0.03174611162351391
93,13,40,862887,3352480,25978749,0.2573876652507994,25115862,0.033215109780690366
94,13,50,115966,3352480,3018358,0.034591108671789245,2902392,0.038420227156619594
95,13,55,227061,3352480,8135115,0.06772926311268077,7908054,0.02791122190651269
96,13,60,550357,3352480,17325563,0.1641641411731017,16775206,0.031765605539052326
97,13,65,414017,3352480,16829499,0.12349574046675893,16415482,0.024600672901789886
98,13,70,383810,3352480,12970494,0.11448539588603064,12586684,0.02959100863852988
99,13,80,98918,3352480,4308397,0.029505918006967977,4209479,0.022959351238987492
100,15,10,7587,500310,1776779,0.015164597949271452,1769192,0.00427008648796502
101,15,20,35723,500310,7589577,0.07140173092682536,7553854,0.004706849933797365
102,15,30,15149,500310,14108909,0.030279226879334813,14093760,0.0010737187404072136
103,15,40,120758,500310,25978749,0.24136635286122604,25857991,0.004648337762530444
104,15,50,10706,500310,3018358,0.02139873278567288,3007652,0.003546961626155678
105,15,55,29922,500310,8135115,0.059806919709779936,8105193,0.003678128705002941
106,15,60,78275,500310,17325563,0.15645299914053287,17247288,0.004517890702887981
107,15,65,69697,500310,16829499,0.13930762926985268,16759802,0.004141359169396546
108,15,70,107807,500310,12970494,0.21548040215066658,12862687,0.008311711180776924
109,15,80,24686,500310,4308397,0.04934140832683736,4283711,0.005729741247150622
110,16,10,24096,532886,1776779,0.04521792653588197,1752683,0.013561619087123385
111,16,20,52113,532886,7589577,0.09779389963331744,7537464,0.006866390577498588
112,16,30,65981,532886,14108909,0.12381822753834779,14042928,0.004676548696997054
113,16,40,126344,532886,25978749,0.23709386247715272,25852405,0.0048633596637005115
114,16,50,10592,532886,3018358,0.0198766715582695,3007766,0.0035091927465197965
115,16,55,29828,532886,8135115,0.055974448568737026,8105287,0.0036665738591279903
116,16,60,81598,532886,17325563,0.15312468332814147,17243965,0.004709688221964273
117,16,65,66979,532886,16829499,0.12569104836681766,16762520,0.003979857035554059
118,16,70,59727,532886,12970494,0.11208213388980007,12910767,0.004604836176632902
119,16,80,15628,532886,4308397,0.02932709810353434,4292769,0.003627335178257714
120,17,10,25835,5005806,1776779,0.005161007038626746,1750944,0.014540356454010318
121,17,20,275205,5005806,7589577,0.05497716052120278,7314372,0.03626091414580813
122,17,30,682715,5005806,14108909,0.13638463016744956,13426194,0.04838892929283193
123,17,40,1181726,5005806,25978749,0.23607107426855936,24797023,0.04548817958863223
124,17,50,116813,5005806,3018358,0.023335502814132228,2901545,0.03870084330619496
125,17,55,399344,5005806,8135115,0.07977616391845789,7735771,0.049088918841343976
126,17,60,855136,5005806,17325563,0.1708288335584719,16470427,0.04935689535745534
127,17,65,750330,5005806,16829499,0.14989194547291684,16079169,0.044584214895523624
128,17,70,522867,5005806,12970494,0.10445211020962458,12447627,0.0403120343758688
129,17,80,195835,5005806,4308397,0.03912157203055812,4112562,0.045454260598547444
130,18,10,18788,2493757,1776779,0.007534013939609994,1757991,0.010574190712519678
131,18,20,150648,2493757,7589577,0.06041005599182278,7438929,0.019849327571220373
132,18,30,565032,2493757,14108909,0.2265786121101615,13543877,0.04004788747308527
133,18,40,578299,2493757,25978749,0.23189869742721525,25400450,0.022260463735186017
134,18,50,39875,2493757,3018358,0.015989930053329174,2978483,0.013210825223515568
135,18,55,136601,2493757,8135115,0.05477718959786378,7998514,0.01679152661025689
136,18,60,279986,2493757,17325563,0.11227477256204194,17045577,0.01616028292991114
137,18,65,359759,2493757,16829499,0.1442638557004552,16469740,0.02137669101141989
138,18,70,280923,2493757,12970494,0.11265051085570887,12689571,0.021658619941538077
139,18,80,83846,2493757,4308397,0.03362236176179154,4224551,0.019461066378051978
140,19,10,16294,1240336,1776779,0.01313676294165452,1760485,0.009170527116765788
141,19,20,74412,1240336,7589577,0.059993421137498226,7515165,0.009804498985911863
142,19,30,231162,1240336,14108909,0.18637046735723223,13877747,0.016384115880256934
143,19,40,305731,1240336,25978749,0.24649046709923764,25673018,0.011768503556503048
144,19,50,32965,1240336,3018358,0.02657747578075618,2985393,0.010921501028042398
145,19,55,100719,1240336,8135115,0.0812029966073709,8034396,0.01238077150722516
146,19,60,116974,1240336,17325563,0.09430831645618606,17208589,0.006751526631486665
147,19,65,187376,1240336,16829499,0.15106874266327833,16642123,0.011133783602233199
148,19,70,134072,1240336,12970494,0.10809329085022124,12836422,0.010336691879276149
149,19,80,40631,1240336,4308397,0.03275805910656467,4267766,0.00943065367467297
150,20,10,18260,1085931,1776779,0.016815064677221665,1758519,0.010277023760411397
151,20,20,64867,1085931,7589577,0.059733997832274795,7524710,0.008546853138192024
152,20,30,182714,1085931,14108909,0.16825562581784662,13926195,0.012950257174385348
153,20,40,256056,1085931,25978749,0.23579398691077058,25722693,0.00985636375331237
154,20,50,39382,1085931,3018358,0.03626565592104839,2978976,0.013047491384388465
155,20,55,71826,1085931,8135115,0.0661423239598096,8063289,0.008829131487385242
156,20,60,139661,1085931,17325563,0.1286094604537489,17185902,0.008060979028502566
157,20,65,161184,1085931,16829499,0.14842932009492316,16668315,0.0095774687053964
158,20,70,115277,1085931,12970494,0.1061549951147909,12855217,0.008887633732377503
159,20,80,36704,1085931,4308397,0.03379956921756539,4271693,0.008519177782363139
160,21,10,30094,1480742,1776779,0.020323594522205758,1746685,0.016937390637777685
161,21,20,83184,1480742,7589577,0.056177240869780154,7506393,0.01096029462511547
162,21,30,260876,1480742,14108909,0.1761792398675799,13848033,0.01849016107482159
163,21,40,375694,1480742,25978749,0.25372009438511234,25603055,0.014461589355207211
164,21,50,29707,1480742,3018358,0.020062239066630107,2988651,0.009842106204764313
165,21,55,89973,1480742,8135115,0.060762104404413465,8045142,0.011059831360712171
166,21,60,178880,1480742,17325563,0.1208042994660785,17146683,0.010324628411786677
167,21,65,218722,1480742,16829499,0.1477110799855748,16610777,0.012996346474722748
168,21,70,168410,1480742,12970494,0.1137335200865512,12802084,0.012984085263059372
169,21,80,45202,1480742,4308397,0.030526587346073792,4263195,0.01049160511438477
170,22,10,56549,1472100,1776779,0.03841383058216154,1720230,0.03182669313403637
171,22,20,130424,1472100,7589577,0.08859724203518783,7459153,0.01718462043405054
172,22,30,152076,1472100,14108909,0.10330548196454045,13956833,0.010778721444726875
173,22,40,369758,1472100,25978749,0.25117722980775764,25608991,0.014233094903838518
174,22,50,27012,1472100,3018358,0.018349296922763398,2991346,0.008949236637933605
175,22,55,91285,1472100,8135115,0.06201005366483255,8043830,0.011221107507392336
176,22,60,194141,1472100,17325563,0.1318803070443584,17131422,0.011205465588621854
177,22,65,220252,1472100,16829499,0.1496175531553563,16609247,0.01308725827191885
178,22,70,184162,1472100,12970494,0.12510155560084232,12786332,0.014198533995698237
179,22,80,46441,1472100,4308397,0.031547449222199576,4261956,0.010779183069712471
180,23,10,5842,498851,1776779,0.011710911675029217,1770937,0.003287972223895037
181,23,20,31310,498851,7589577,0.06276423220560849,7558267,0.004125394603678176
182,23,30,60188,498851,14108909,0.12065326119422433,14048721,0.0042659570630159994
183,23,40,125001,498851,25978749,0.2505778278483956,25853748,0.004811663563938356
184,23,50,11267,498851,3018358,0.022585902403723757,3007091,0.003732824270679621
185,23,55,32352,498851,8135115,0.06485303226815221,8102763,0.003976833763259646
186,23,60,51776,498851,17325563,0.1037905105933435,17273787,0.00298841659575507
187,23,65,105170,498851,16829499,0.210824474642729,16724329,0.006249146216414404
188,23,70,59736,498851,12970494,0.11974717901738194,12910758,0.0046055300592251925
189,23,80,16209,498851,4308397,0.03249266815141195,4292188,0.003762188117761664
190,24,10,6825,2073236,1776779,0.00329195518503441,1769954,0.003841220545717841
191,24,20,188310,2073236,7589577,0.09082902284158678,7401267,0.024811659464025467
192,24,30,136253,2073236,14108909,0.0657199662749441,13972656,0.009657231469846464
193,24,40,470261,2073236,25978749,0.22682463549735776,25508488,0.018101756939874203
194,24,50,50774,2073236,3018358,0.024490217225631813,2967584,0.01682172890028287
195,24,55,157614,2073236,8135115,0.07602318308190674,7977501,0.01937452635887753
196,24,60,394712,2073236,17325563,0.19038450036561202,16930851,0.02278205908806542
197,24,65,349186,2073236,16829499,0.16842559168372534,16480313,0.02074844889916212
198,24,70,229611,2073236,12970494,0.11075005450416643,12740883,0.01770256398869619
199,24,80,89690,2073236,4308397,0.04326087334003461,4218707,0.020817487339258662
200,25,10,8360,2789469,1776779,0.0029969861647503523,1768419,0.004705143408381121
201,25,20,140883,2789469,7589577,0.05050531122589998,7448694,0.01856269460076629
202,25,30,299389,2789469,14108909,0.10732831230603387,13809520,0.021219854774029656
203,25,40,566900,2789469,25978749,0.20322864315753286,25411849,0.021821682021717057
204,25,50,87184,2789469,3018358,0.031254693993731424,2931174,0.02888457896644467
205,25,55,224146,2789469,8135115,0.08035436134977661,7910969,0.027552898760496932
206,25,60,472670,2789469,17325563,0.16944802039384557,16852893,0.02728165312723171
207,25,65,571561,2789469,16829499,0.20489957049173158,16257938,0.03396185471712497
208,25,70,296219,2789469,12970494,0.10619189530337136,12674275,0.022837911956167592
209,25,80,122157,2789469,4308397,0.043792205613326404,4186240,0.028353236714258226
210,26,10,31028,3595759,1776779,0.008629054394357353,1745751,0.017463060965938925
211,26,20,175278,3595759,7589577,0.048745758544997034,7414299,0.023094567720967848
212,26,30,649203,3595759,14108909,0.18054686089918706,13459706,0.046013692483238784
213,26,40,786053,3595759,25978749,0.21860558507953398,25192696,0.030257538575086892
214,26,50,65252,3595759,3018358,0.018146933651560074,2953106,0.02161837661403982
215,26,55,210249,3595759,8135115,0.05847138253703877,7924866,0.02584462542938852
216,26,60,581769,3595759,17325563,0.16179310126179203,16743794,0.03357864907478043
217,26,65,562870,3595759,16829499,0.1565371872809051,16266629,0.03344544005736594
218,26,70,403143,3595759,12970494,0.1121162458329382,12567351,0.031081545544834298
219,26,80,130914,3595759,4308397,0.036407890517690424,4177483,0.03038577921208282
220,27,10,22401,2295665,1776779,0.00975795684474869,1754378,0.01260764563291214
221,27,20,126393,2295665,7589577,0.055057249206656896,7463184,0.016653497289769906
222,27,30,345757,2295665,14108909,0.15061300320386467,13763152,0.02450628889873767
223,27,40,522327,2295665,25978749,0.22752753559426137,25456422,0.020105933507421778
224,27,50,58009,2295665,3018358,0.02526893078911775,2960349,0.01921872753331447
225,27,55,178417,2295665,8135115,0.0777190922891624,7956698,0.021931712090117964
226,27,60,320928,2295665,17325563,0.13979740075315866,17004635,0.018523380740931766
227,27,65,390104,2295665,16829499,0.16993071724315176,16439395,0.023179774989142577
228,27,70,244200,2295665,12970494,0.10637440567330164,12726294,0.018827347670798043
229,27,80,87129,2295665,4308397,0.03795370840257616,4221268,0.02022306672295984
230,28,10,20669,890160,1776779,0.02321942122764447,1756110,0.01163284797940543
231,28,20,57448,890160,7589577,0.06453671250112339,7532129,0.0075693283038040194
232,28,30,175718,890160,14108909,0.19740046733171565,13933191,0.01245440026581786
233,28,40,224844,890160,25978749,0.2525882987328121,25753905,0.00865492021959949
234,28,50,13701,890160,3018358,0.015391614990563494,3004657,0.004539222981501863
235,28,55,45724,890160,8135115,0.0513660465534286,8089391,0.005620572050917535
236,28,60,93880,890160,17325563,0.1054641862137144,17231683,0.00541858293436121
237,28,65,115313,890160,16829499,0.12954188011144063,16714186,0.006851837954296797
238,28,70,119135,890160,12970494,0.133835490248944,12851359,0.009185078070272419
239,28,80,23728,890160,4308397,0.026655882088613282,4284669,0.00550738476514583
240,29,10,16619,2280566,1776779,0.007287226065809979,1760160,0.00935344238084759
241,29,20,147806,2280566,7589577,0.06481110391016967,7441771,0.01947486664935345
242,29,30,306961,2280566,14108909,0.13459860403075377,13801948,0.02175653695122706
243,29,40,540284,2280566,25978749,0.23690785533065037,25438465,0.020797152318612417
244,29,50,62984,2280566,3018358,0.027617705429266243,2955374,0.02086697469286281
245,29,55,158719,2280566,8135115,0.06959631951015668,7976396,0.01951035725985435
246,29,60,331395,2280566,17325563,0.1453126109921835,16994168,0.019127516952840148
247,29,65,353375,2280566,16829499,0.15495056928850118,16476124,0.020997357081158505
248,29,70,278385,2280566,12970494,0.1220683812702636,12692109,0.02146294505051234
249,29,80,84038,2280566,4308397,0.03684962417224496,4224359,0.019505630516407843
250,30,10,11726,346010,1776779,0.033889193953931966,1765053,0.0065995827280714145
251,30,20,30136,346010,7589577,0.08709574867778389,7559441,0.0039707087759963434
252,30,30,20168,346010,14108909,0.05828733273604809,14088741,0.001429451419666822
253,30,40,86444,346010,25978749,0.24983092974191498,25892305,0.0033274889410571697
254,30,50,7736,346010,3018358,0.022357735325568624,3010622,0.0025629829198524495
255,30,55,22008,346010,8135115,0.06360509811855149,8113107,0.002705309021445917
256,30,60,38016,346010,17325563,0.10986965694633104,17287547,0.002194214410233018
257,30,65,57184,346010,16829499,0.1652668998005838,16772315,0.003397843275073132
258,30,70,56759,346010,12970494,0.16403861160082078,12913735,0.00437600911730887
259,30,80,15833,346010,4308397,0.04575879309846536,4292564,0.0036749166801480922
260,31,10,11852,748401,1776779,0.015836429935288703,1764927,0.0066704975689154365
261,31,20,47201,748401,7589577,0.0630691300519374,7542376,0.006219187182632181
262,31,30,101484,748401,14108909,0.1356011015485014,14007425,0.007192902016732831
263,31,40,188043,748401,25978749,0.2512596856498054,25790706,0.007238339305714836
264,31,50,19502,748401,3018358,0.026058222797671303,2998856,0.0064611288654294816
265,31,55,62814,748401,8135115,0.0839309407657125,8072301,0.007721341370097411
266,31,60,101326,748401,17325563,0.13538998478088618,17224237,0.00584835251818368
267,31,65,110267,748401,16829499,0.14733678870017544,16719232,0.006552007281975536
268,31,70,80553,748401,12970494,0.1076334745677785,12889941,0.006210480495191625
269,31,80,25359,748401,4308397,0.03388424120224318,4283038,0.005885947836283425
270,32,10,13812,1124400,1776779,0.012283884738527215,1762967,0.0077736173153779954
271,32,20,142815,1124400,7589577,0.1270144076840982,7446762,0.018817254242232472
272,32,30,50252,1124400,14108909,0.044692280327285665,14058657,0.003561721179149997
273,32,40,225743,1124400,25978749,0.20076752045535395,25753006,0.008689525427109674
274,32,50,15161,1124400,3018358,0.013483635716826751,3003197,0.00502292968561052
275,32,55,65576,1124400,8135115,0.05832088224831021,8069539,0.008060857160593304
276,32,60,158250,1124400,17325563,0.14074172892209177,17167313,0.009133902315324472
277,32,65,87356,1124400,16829499,0.07769121309142654,16742143,0.005190647683570379
278,32,70,336970,1124400,12970494,0.2996887228744219,12633524,0.02597973523599024
279,32,80,28465,1124400,4308397,0.025315723941657774,4279932,0.006606865616144473
280,33,10,2416,541025,1776779,0.004465597708054156,1774363,0.001359763932374257
281,33,20,29443,541025,7589577,0.054420775380065615,7560134,0.003879399339383473
282,33,30,78363,541025,14108909,0.14484173559447344,14030546,0.0055541502181352224
283,33,40,141903,541025,25978749,0.26228547664156,25836846,0.00546227225953028
284,33,50,12531,541025,3018358,0.023161591423686522,3005827,0.0041515950062915
285,33,55,37541,541025,8135115,0.06938866041310475,8097574,0.004614685840335386
286,33,60,61507,541025,17325563,0.113686058869738,17264056,0.003550072225647155
287,33,65,94072,541025,16829499,0.1738773624139365,16735427,0.0055897088796285615
288,33,70,63975,541025,12970494,0.11824777043574697,12906519,0.004932348760193713
289,33,80,19274,541025,4308397,0.03562497111963403,4289123,0.004473589597244637
290,34,10,12073,3312923,1776779,0.003644213886045646,1764706,0.006794879948491062
291,34,20,172909,3312923,7589577,0.05219227854073276,7416668,0.02278242911297955
292,34,30,321825,3312923,14108909,0.09714231209116542,13787084,0.022810055688926762
293,34,40,864235,3312923,25978749,0.26086781974709344,25114514,0.03326699834545536
294,34,50,97150,3312923,3018358,0.029324557196167854,2921208,0.03218637418092884
295,34,55,266608,3312923,8135115,0.08047515743649943,7868507,0.03277249307477522
296,34,60,596296,3312923,17325563,0.17999090229383538,16729267,0.03441712110596348
297,34,65,522312,3312923,16829499,0.15765896158769763,16307187,0.031035504978490447
298,34,70,335325,3312923,12970494,0.1012172634256818,12635169,0.025852908917732818
299,34,80,124190,3312923,4308397,0.037486533795080657,4184207,0.028825105950078415
300,35,10,29966,623279,1776779,0.048077987546508064,1746813,0.016865350164539314
301,35,20,59191,623279,7589577,0.0949671014104438,7530386,0.007798985371648512
302,35,30,37659,623279,14108909,0.060420774645062646,14071250,0.002669164568288023
303,35,40,139875,623279,25978749,0.224417957287186,25838874,0.005384208454379385
304,35,50,15859,623279,3018358,0.025444463875728206,3002499,0.0052541812468898655
305,35,55,33870,623279,8135115,0.05434163512648429,8101245,0.004163432231750873
306,35,60,102361,623279,17325563,0.1642298232412772,17223202,0.005908090836644096
307,35,65,96060,623279,16829499,0.15412038589459937,16733439,0.0057078347965082024
308,35,70,86621,623279,12970494,0.13897628509864762,12883873,0.006678311558526607
309,35,80,21817,623279,4308397,0.03500358587406282,4286580,0.0050638323255725965
310,36,10,26838,6962354,1776779,0.0038547307419301,1749941,0.015104861099776618
311,36,20,335333,6962354,7589577,0.0481637388733753,7254244,0.04418335830837476
312,36,30,564564,6962354,14108909,0.08108809175747168,13544345,0.04001471694232346
313,36,40,1493355,6962354,25978749,0.2144899555523893,24485394,0.05748371486248241
314,36,50,266721,6962354,3018358,0.03830902594151346,2751637,0.08836625741545569
315,36,55,721725,6962354,8135115,0.1036610606125457,7413390,0.08871724616062587
316,36,60,1100828,6962354,17325563,0.1581114663230281,16224735,0.06353779095086261
317,36,65,1462019,6962354,16829499,0.20998917894723537,15367480,0.08687240184630571
318,36,70,675009,6962354,12970494,0.0969512610246477,12295485,0.05204188830433135
319,36,80,315962,6962354,4308397,0.04538149022586326,3992435,0.07333632439164729
320,37,10,32999,3284548,1776779,0.010046740068953171,1743780,0.018572371690570407
321,37,20,244888,3284548,7589577,0.07455759513942253,7344689,0.032266356873380427
322,37,30,553483,3284548,14108909,0.1685111619620112,13555426,0.039229326661615015
323,37,40,756723,3284548,25978749,0.23038877799928636,25222026,0.02912853886844205
324,37,50,73172,3284548,3018358,0.022277646726429328,2945186,0.024242319830848427
325,37,55,202415,3284548,8135115,0.061626439924153946,7932700,0.024881639657214433
326,37,60,477384,3284548,17325563,0.14534237283181733,16848179,0.027553736637591517
327,37,65,467884,3284548,16829499,0.14245004183223994,16361615,0.02780142177732088
328,37,70,376394,3284548,12970494,0.11459537202683596,12594100,0.029019249382483042
329,37,80,99206,3284548,4308397,0.030203851488850218,4209191,0.023026197446521294
330,38,10,7574,271603,1776779,0.027886289915796218,1769205,0.004262769877401748
331,38,20,18265,271603,7589577,0.06724888900343516,7571312,0.0024065899851862626
332,38,30,26009,271603,14108909,0.09576109247688722,14082900,0.0018434451593670354
333,38,40,74431,271603,25978749,0.2740433647640122,25904318,0.002865072525239764
334,38,50,7489,271603,3018358,0.027573333136968296,3010869,0.0024811503473080396
335,38,55,18707,271603,8135115,0.06887626425334036,8116408,0.002299537253007487
336,38,60,28323,271603,17325563,0.10428088054992028,17297240,0.0016347520712602529
337,38,65,48078,271603,16829499,0.1770157177939861,16781421,0.0028567695330680965
338,38,70,31573,271603,12970494,0.11624687503451729,12938921,0.0024342172318186184
339,38,80,11154,271603,4308397,0.041067293071136914,4297243,0.0025888979126111175
340,39,10,24906,4560439,1776779,0.005461316333800321,1751873,0.014017500206834952
341,39,20,230174,4560439,7589577,0.05047189535919678,7359403,0.03032764540105463
342,39,30,795610,4560439,14108909,0.17445908168051366,13313299,0.05639061106709243
343,39,40,1037823,4560439,25978749,0.22757085447256284,24940926,0.03994892132796695
344,39,50,88633,4560439,3018358,0.01943519034022821,2929725,0.029364641304974428
345,39,55,298788,4560439,8135115,0.06551737672623184,7836327,0.03672818392856155
346,39,60,655844,4560439,17325563,0.14381159357684645,16669719,0.0378541234129015
347,39,65,764367,4560439,16829499,0.16760820613980365,16065132,0.045418286070191397
348,39,70,500612,4560439,12970494,0.10977276529737598,12469882,0.038596216921267607
349,39,80,163682,4560439,4308397,0.0358917200734403,4144715,0.0379913921581507
350,40,10,49326,1191596,1776779,0.04139490229910137,1727453,0.027761471741842965
351,40,20,70437,1191596,7589577,0.05911147737991736,7519140,0.00928075438196358
352,40,30,149313,1191596,14108909,0.12530505305489445,13959596,0.01058288773426776
353,40,40,282549,1191596,25978749,0.2371181172142236,25696200,0.01087615881734721
354,40,50,29884,1191596,3018358,0.025078969717924532,2988474,0.009900747359988443
355,40,55,80656,1191596,8135115,0.06768737055176419,8054459,0.009914549456276893
356,40,60,175854,1191596,17325563,0.14757854172051602,17149709,0.01014997319279033
357,40,65,180309,1191596,16829499,0.15131722496550845,16649190,0.010713866170347674
358,40,70,137104,1191596,12970494,0.11505913077922383,12833390,0.01057045321481202
359,40,80,36164,1191596,4308397,0.030349212316926208,4272233,0.008393841143237265
360,41,10,49945,1432664,1776779,0.0348616284069398,1726834,0.02810985496789415
361,41,20,99825,1432664,7589577,0.06967788678992423,7489752,0.013152906940663492
362,41,30,206697,1432664,14108909,0.1442745821769794,13902212,0.014650105121522861
363,41,40,332890,1432664,25978749,0.23235734268467695,25645859,0.012813934958915843
364,41,50,34846,1432664,3018358,0.024322520842291005,2983512,0.011544687542034443
365,41,55,89239,1432664,8135115,0.062288854888515384,8045876,0.010969605223773727
366,41,60,194271,1432664,17325563,0.13560122959744922,17131292,0.01121296895229321
367,41,65,198677,1432664,16829499,0.13867661922125496,16630822,0.011805283092503229
368,41,70,164615,1432664,12970494,0.11490133066790259,12805879,0.012691498103310482
369,41,80,61659,1432664,4308397,0.04303800472406649,4246738,0.014311355244189429
370,42,10,42999,4890598,1776779,0.008792176335082131,1733780,0.024200533662318162
371,42,20,261541,4890598,7589577,0.053478327190253624,7328036,0.034460550304713955
372,42,30,672365,4890598,14108909,0.1374811423879043,13436544,0.04765535024713817
373,42,40,1117725,4890598,25978749,0.2285456706930318,24861024,0.043024589059311516
374,42,50,108596,4890598,3018358,0.022205055496280823,2909762,0.03597850221875602
375,42,55,335179,4890598,8135115,0.0685353815627455,7799936,0.04120150729276722
376,42,60,677753,4890598,17325563,0.13858284815067606,16647810,0.03911867106425344
377,42,65,994934,4890598,16829499,0.20343810715990152,15834565,0.05911845622974279
378,42,70,491168,4890598,12970494,0.10043107202841044,12479326,0.03786810278775812
379,42,80,188338,4890598,4308397,0.038510218995713816,4120059,0.04371417025868322
380,44,10,1121,417432,1776779,0.0026854673336016406,1775658,0.0006309169570329231
381,44,20,22791,417432,7589577,0.05459811418386707,7566786,0.0030029341556189497
382,44,30,52730,417432,14108909,0.12631997546905843,14056179,0.0037373548869016025
383,44,40,79256,417432,25978749,0.18986565476532705,25899493,0.003050801252977963
384,44,50,10995,417432,3018358,0.026339619387109756,3007363,0.0036427090490922546
385,44,55,33368,417432,8135115,0.07993637287031181,8101747,0.004101724437822944
386,44,60,56141,417432,17325563,0.13449136625845648,17269422,0.0032403564605663895
387,44,65,92656,417432,16829499,0.2219666915809042,16736843,0.005505570902615699
388,44,70,50234,417432,12970494,0.1203405584622166,12920260,0.003872944237898726
389,44,80,18140,417432,4308397,0.04345617968914697,4290257,0.0042103826550803
390,45,10,14111,1531453,1776779,0.009214125409007002,1762668,0.007941899358333254
391,45,20,126275,1531453,7589577,0.08245437502815953,7463302,0.016637949651212444
392,45,30,253811,1531453,14108909,0.1657321511009479,13855098,0.01798941363928281
393,45,40,368720,1531453,25978749,0.2407648161582497,25610029,0.01419313916924945
394,45,50,27631,1531453,3018358,0.01804234279471848,2990727,0.009154315028237207
395,45,55,97552,1531453,8135115,0.06369898390613359,8037563,0.011991471540353148
396,45,60,214788,1531453,17325563,0.14025112099424533,17110775,0.012397172894179543
397,45,65,170190,1531453,16829499,0.11112975716525417,16659309,0.010112600499872278
398,45,70,209467,1531453,12970494,0.13677664283526822,12761027,0.016149500551019876
399,45,80,48908,1531453,4308397,0.031935684608016046,4259489,0.011351785826607902
400,46,10,4099,314785,1776779,0.013021586161983576,1772680,0.0023069835922194036
401,46,20,21833,314785,7589577,0.06935845100624236,7567744,0.0028767084120761934
402,46,30,41395,314785,14108909,0.13150245405594294,14067514,0.0029339617967625987
403,46,40,79334,314785,25978749,0.2520259859904379,25899415,0.003053803707022228
404,46,50,6953,314785,3018358,0.022088091872230254,3011405,0.002303570351827053
405,46,55,29158,314785,8135115,0.09262830185682291,8105957,0.0035842148512958945
406,46,60,25633,314785,17325563,0.08143018250551964,17299930,0.0014794901614452586
407,46,65,53601,314785,16829499,0.17027812634020045,16775898,0.0031849432951034373
408,46,70,42467,314785,12970494,0.134907953047318,12928027,0.003274123560752582
409,46,80,10312,314785,4308397,0.03275886716330194,4298085,0.002393465597529661
410,47,10,10195,2323679,1776779,0.004387439056771611,1766584,0.005737911130196833
411,47,20,130251,2323679,7589577,0.05605378367666102,7459326,0.01716182601480952
412,47,30,399213,2323679,14108909,0.17180212929582786,13709696,0.028295100634641558
413,47,40,603477,2323679,25978749,0.2597075585741404,25375272,0.02322964050347459
414,47,50,49085,2323679,3018358,0.021123829926594853,2969273,0.01626215313094073
415,47,55,142411,2323679,8135115,0.06128686449376183,7992704,0.017505714424442678
416,47,60,320065,2323679,17325563,0.13774062596425754,17005498,0.018473569949790377
417,47,65,328328,2323679,16829499,0.141296624878049,16501171,0.019509077483530556
418,47,70,270190,2323679,12970494,0.11627681792536748,12700304,0.020831126401199523
419,47,80,70464,2323679,4308397,0.030324326208568394,4237933,0.016355038776602993
420,48,10,247356,8223073,1776779,0.030080725295762303,1529423,0.13921596326836372
421,48,20,605600,8223073,7589577,0.07364643363861662,6983977,0.07979364330844789
422,48,30,926610,8223073,14108909,0.11268415104669507,13182299,0.06567552459229839
423,48,40,2034037,8223073,25978749,0.24735728358485934,23944712,0.0782961873953207
424,48,50,222814,8223073,3018358,0.02709619627601506,2795544,0.07381960655429211
425,48,55,619559,8223073,8135115,0.07534397420526365,7515556,0.07615860378126185
426,48,60,1229932,8223073,17325563,0.149570847784034,16095631,0.07098943913106893
427,48,65,1116081,8223073,16829499,0.13572553715624316,15713418,0.0663169474028906
428,48,70,942155,8223073,12970494,0.1145745635482015,12028339,0.07263832819320529
429,48,80,278929,8223073,4308397,0.033920287464309265,4029468,0.06474078410137227
430,49,10,14456,977868,1776779,0.01478318137008267,1762323,0.008136070946358551
431,49,20,95115,977868,7589577,0.0972677293867884,7494462,0.012532318994853072
432,49,30,122215,977868,14108909,0.12498108129113542,13986694,0.008662257301397294
433,49,40,232209,977868,25978749,0.23746456576961308,25746540,0.008938421168779144
434,49,50,31306,977868,3018358,0.03201454593053459,2987052,0.010371864437551809
435,49,55,71413,977868,8135115,0.07302928411605657,8063702,0.008778363919870831
436,49,60,152788,977868,17325563,0.15624603729746755,17172775,0.00881864560476332
437,49,65,120815,977868,16829499,0.12354939521489608,16708684,0.007178763907351015
438,49,70,108363,977868,12970494,0.11081557019965885,12862131,0.008354577705367275
439,49,80,29188,977868,4308397,0.029848609423766808,4279209,0.006774677449640783
440,50,10,3048,251594,1776779,0.01211475631374357,1773731,0.001715463768988715
441,50,20,17334,251594,7589577,0.06889671454804168,7572243,0.0022839217521608913
442,50,30,36233,251594,14108909,0.14401376821386838,14072676,0.0025680936775479947
443,50,40,59331,251594,25978749,0.23582040907175847,25919418,0.002283828216670479
444,50,50,6056,251594,3018358,0.024070526324157175,3012302,0.002006388904165775
445,50,55,12945,251594,8135115,0.051451942415160934,8122170,0.0015912497856514628
446,50,60,22243,251594,17325563,0.08840830862421202,17303320,0.0012838255241691137
447,50,65,52015,251594,16829499,0.2067418141927073,16777484,0.0030907040072910073
448,50,70,33419,251594,12970494,0.13282908177460512,12937075,0.0025765402613038488
449,50,80,8970,251594,4308397,0.03565267852174535,4299427,0.0020819808388131363
450,51,10,22092,2971552,1776779,0.0074344988746621295,1754687,0.012433735427985135
451,51,20,249270,2971552,7589577,0.0838854578348284,7340307,0.03284372765438706
452,51,30,288264,2971552,14108909,0.09700789351826924,13820645,0.020431345896411976
453,51,40,657061,2971552,25978749,0.2211171132122204,25321688,0.025292249445883635
454,51,50,91782,2971552,3018358,0.03088689008302732,2926576,0.030407923778425223
455,51,55,192470,2971552,8135115,0.06477086721013127,7942645,0.0236591615484231
456,51,60,629471,2971552,17325563,0.2118324027309635,16696092,0.036331921796711596
457,51,65,377108,2971552,16829499,0.12690607467074444,16452391,0.022407559488253334
458,51,70,338612,2971552,12970494,0.11395122817975253,12631882,0.026106330260050235
459,51,80,125422,2971552,4308397,0.04220757368540076,4182975,0.029111059171195226
460,53,10,87358,2345531,1776779,0.037244444861312856,1689421,0.04916649735279402
461,53,20,182170,2345531,7589577,0.0776668481465391,7407407,0.024002655220442457
462,53,30,281481,2345531,14108909,0.12000736720171254,13827428,0.019950585831973257
463,53,40,526402,2345531,25978749,0.22442764559496337,25452347,0.020262792484734348
464,53,50,97725,2345531,3018358,0.04166433954614115,2920633,0.03237687510891683
465,53,55,153026,2345531,8135115,0.06524151673970628,7982089,0.018810551541066107
466,53,60,320487,2345531,17325563,0.1366372902340664,17005076,0.01849792702263124
467,53,65,317865,2345531,16829499,0.13551941969643547,16511634,0.01888737151355486
468,53,70,267242,2345531,12970494,0.1139366736146314,12703252,0.02060384130319169
469,53,80,111775,2345531,4308397,0.04765445436449145,4196622,0.025943523774619656
470,54,10,28995,567364,1776779,0.051104758144683134,1747784,0.01631885563708261
471,54,20,39598,567364,7589577,0.06979293716203354,7549979,0.005217418572866446
472,54,30,61007,567364,14108909,0.10752709019253953,14047902,0.0043240054918491574
473,54,40,138992,567364,25978749,0.24497853230025168,25839757,0.005350219134878281
474,54,50,11513,567364,3018358,0.02029208761923562,3006845,0.0038143255372623127
475,54,55,28725,567364,8135115,0.050628873174893015,8106390,0.003530988805935749
476,54,60,59633,567364,17325563,0.10510536445738539,17265930,0.0034419083524154454
477,54,65,106329,567364,16829499,0.18740878871412356,16723170,0.006318013388277334
478,54,70,70805,567364,12970494,0.12479642698514534,12899689,0.005458928549675903
479,54,80,21767,567364,4308397,0.03836514124970918,4286630,0.00505222708120909
480,55,10,22043,2377274,1776779,0.009272385093178152,1754736,0.012406157434323571
481,55,20,127348,2377274,7589577,0.05356891969541584,7462229,0.016779327754366285
482,55,30,505599,2377274,14108909,0.2126801538232446,13603310,0.035835442697943545
483,55,40,541211,2377274,25978749,0.22766033700785016,25437538,0.02083283533013849
484,55,50,49302,2377274,3018358,0.0207388799103511,2969056,0.01633404652463359
485,55,55,157548,2377274,8135115,0.06627254578142865,7977567,0.01936641338198661
486,55,60,270595,2377274,17325563,0.11382575168028591,17054968,0.015618251481928755
487,55,65,359597,2377274,16829499,0.15126443144542867,16469902,0.021367065056422652
488,55,70,259380,2377274,12970494,0.10910816338377487,12711114,0.0199976963097936
489,55,80,84651,2377274,4308397,0.03560843217904205,4223746,0.019647910812304437
490,56,10,28815,207465,1776779,0.13889089725977877,1747964,0.01621754872159115
491,56,20,23942,207465,7589577,0.11540259802858313,7565635,0.0031545895113785655
492,56,30,10146,207465,14108909,0.04890463451666546,14098763,0.0007191200963873252
493,56,40,49852,207465,25978749,0.2402911334441954,25928897,0.001918953064291125
494,56,50,4173,207465,3018358,0.020114236136215748,3014185,0.0013825397782502938
495,56,55,11117,207465,8135115,0.05358494203841612,8123998,0.0013665449105513567
496,56,60,17048,207465,17325563,0.08217289663316704,17308515,0.0009839795682252865
497,56,65,21561,207465,16829499,0.10392596341551587,16807938,0.0012811433067615383
498,56,70,32611,207465,12970494,0.15718795941484107,12937883,0.0025142450241293817
499,56,80,8200,207465,4308397,0.03952473911262141,4300197,0.0019032600756151302
