,0,1,2,3,4,5
2000-12-01,301.0,124.0,233.0,784.0,871.0,566.0
2001-01-01,304.0,141.0,241.0,955.0,888.0,654.0
2001-02-01,281.0,139.0,253.0,962.0,1032.0,601.0
2001-03-01,249.0,187.0,188.0,687.0,901.0,695.0
2001-04-01,236.0,118.0,226.0,848.0,834.0,582.0
2001-05-01,217.0,110.0,224.0,721.0,750.0,527.0
2001-06-01,204.0,120.0,174.0,714.0,768.0,447.0
2001-07-01,191.0,117.0,178.0,677.0,756.0,588.0
2001-08-01,151.0,115.0,127.0,580.0,594.0,544.0
2001-09-01,221.0,117.0,167.0,606.0,644.0,540.0
2001-10-01,155.0,110.0,141.0,647.0,576.0,375.0
2001-11-01,124.0,106.0,164.0,630.0,604.0,452.0
2001-12-01,145.0,86.0,124.0,612.0,585.0,434.0
2002-01-01,161.0,101.0,129.0,616.0,592.0,356.0
2002-02-01,151.0,109.0,110.0,545.0,418.0,414.0
2002-03-01,138.0,104.0,139.0,623.0,548.0,410.0
2002-04-01,143.0,102.0,120.0,562.0,541.0,376.0
2002-05-01,148.0,91.0,136.0,527.0,567.0,399.0
2002-06-01,153.0,97.0,140.0,569.0,514.0,342.0
2002-07-01,167.0,89.0,102.0,567.0,543.0,376.0
2002-08-01,147.0,84.0,114.0,575.0,617.0,395.0
2002-09-01,144.0,95.0,142.0,507.0,572.0,351.0
2002-10-01,138.0,72.0,126.0,565.0,645.0,382.0
2002-11-01,136.0,92.0,110.0,504.0,590.0,406.0
2002-12-01,140.0,89.0,111.0,470.0,559.0,377.0
2003-01-01,117.0,84.0,107.0,555.0,684.0,392.0
2003-02-01,117.0,74.0,92.0,538.0,623.0,362.0
2003-03-01,136.0,73.0,90.0,509.0,575.0,352.0
2003-04-01,109.0,78.0,138.0,513.0,523.0,371.0
2003-05-01,109.0,87.0,104.0,536.0,640.0,430.0
2003-06-01,112.0,85.0,112.0,566.0,660.0,424.0
2003-07-01,110.0,76.0,136.0,485.0,538.0,338.0
2003-08-01,137.0,83.0,112.0,565.0,609.0,389.0
2003-09-01,123.0,71.0,79.0,533.0,583.0,396.0
2003-10-01,138.0,84.0,105.0,515.0,585.0,458.0
2003-11-01,157.0,85.0,118.0,554.0,627.0,438.0
2003-12-01,142.0,102.0,135.0,628.0,634.0,446.0
2004-01-01,142.0,95.0,170.0,546.0,556.0,454.0
2004-02-01,140.0,91.0,125.0,590.0,620.0,467.0
2004-03-01,153.0,96.0,149.0,629.0,570.0,443.0
2004-04-01,166.0,103.0,146.0,600.0,624.0,410.0
2004-05-01,177.0,111.0,150.0,650.0,676.0,429.0
2004-06-01,171.0,94.0,116.0,620.0,584.0,466.0
2004-07-01,177.0,106.0,124.0,702.0,686.0,516.0
2004-08-01,164.0,103.0,148.0,602.0,642.0,465.0
2004-09-01,168.0,92.0,112.0,758.0,679.0,524.0
2004-10-01,182.0,98.0,148.0,665.0,777.0,486.0
2004-11-01,155.0,87.0,146.0,532.0,673.0,428.0
2004-12-01,181.0,88.0,175.0,684.0,881.0,471.0
2005-01-01,190.0,94.0,144.0,643.0,732.0,541.0
2005-02-01,188.0,92.0,166.0,764.0,750.0,525.0
2005-03-01,177.0,109.0,167.0,747.0,736.0,558.0
2005-04-01,207.0,82.0,134.0,781.0,714.0,625.0
2005-05-01,188.0,80.0,120.0,710.0,663.0,535.0
2005-06-01,169.0,87.0,134.0,740.0,764.0,577.0
2005-07-01,192.0,98.0,151.0,757.0,837.0,536.0
2005-08-01,204.0,90.0,156.0,758.0,777.0,514.0
2005-09-01,228.0,102.0,153.0,784.0,818.0,485.0
2005-10-01,197.0,72.0,182.0,768.0,705.0,505.0
2005-11-01,227.0,127.0,177.0,784.0,783.0,529.0
2005-12-01,222.0,102.0,158.0,703.0,750.0,587.0
2006-01-01,230.0,89.0,171.0,718.0,748.0,634.0
2006-02-01,245.0,110.0,163.0,738.0,770.0,594.0
2006-03-01,240.0,114.0,180.0,918.0,853.0,563.0
2006-04-01,240.0,127.0,183.0,795.0,923.0,676.0
2006-05-01,190.0,106.0,158.0,826.0,855.0,545.0
2006-06-01,220.0,123.0,170.0,826.0,919.0,539.0
2006-07-01,204.0,93.0,175.0,699.0,949.0,589.0
2006-08-01,206.0,134.0,189.0,779.0,948.0,571.0
2006-09-01,215.0,121.0,165.0,854.0,911.0,575.0
2006-10-01,217.0,128.0,163.0,821.0,844.0,588.0
2006-11-01,201.0,112.0,140.0,796.0,861.0,616.0
2006-12-01,222.0,114.0,139.0,863.0,795.0,580.0
2007-01-01,213.0,124.0,266.0,897.0,957.0,512.0
2007-02-01,224.0,122.0,261.0,787.0,861.0,554.0
2007-03-01,237.0,140.0,184.0,860.0,1004.0,625.0
2007-04-01,217.0,132.0,182.0,865.0,953.0,563.0
2007-05-01,218.0,146.0,168.0,736.0,909.0,584.0
2007-06-01,222.0,131.0,174.0,816.0,959.0,633.0
2007-07-01,233.0,127.0,183.0,813.0,814.0,629.0
2007-08-01,208.0,112.0,163.0,803.0,742.0,635.0
2007-09-01,190.0,131.0,137.0,786.0,845.0,676.0
2007-10-01,165.0,116.0,166.0,759.0,1049.0,608.0
2007-11-01,187.0,130.0,143.0,781.0,995.0,635.0
2007-12-01,167.0,140.0,145.0,728.0,1036.0,582.0
2008-01-01,170.0,118.0,158.0,788.0,988.0,574.0
2008-02-01,144.0,124.0,136.0,664.0,967.0,552.0
2008-03-01,146.0,110.0,104.0,647.0,920.0,583.0
2008-04-01,161.0,110.0,101.0,649.0,838.0,549.0
2008-05-01,164.0,114.0,167.0,706.0,821.0,555.0
2008-06-01,147.0,92.0,134.0,607.0,736.0,471.0
2008-07-01,138.0,100.0,117.0,630.0,665.0,440.0
2008-08-01,144.0,105.0,79.0,659.0,659.0,431.0
2008-09-01,124.0,90.0,111.0,471.0,631.0,410.0
2008-10-01,137.0,103.0,73.0,640.0,577.0,409.0
2008-11-01,107.0,83.0,70.0,584.0,527.0,349.0
2008-12-01,92.0,72.0,64.0,536.0,578.0,348.0
2009-01-01,54.0,62.0,41.0,509.0,536.0,241.0
2009-02-01,72.0,63.0,82.0,454.0,533.0,326.0
2009-03-01,60.0,57.0,47.0,444.0,452.0,263.0
2009-04-01,42.0,47.0,24.0,339.0,438.0,273.0
2009-05-01,48.0,44.0,46.0,547.0,446.0,296.0
2009-06-01,45.0,54.0,61.0,450.0,405.0,283.0
2009-07-01,42.0,48.0,45.0,301.0,449.0,259.0
2009-08-01,57.0,59.0,58.0,422.0,420.0,198.0
2009-09-01,70.0,58.0,64.0,376.0,464.0,286.0
2009-10-01,67.0,61.0,55.0,335.0,413.0,261.0
2009-11-01,79.0,73.0,65.0,366.0,435.0,279.0
2009-12-01,94.0,87.0,77.0,417.0,432.0,258.0
2010-01-01,79.0,67.0,58.0,454.0,457.0,279.0
2010-02-01,101.0,62.0,73.0,468.0,430.0,266.0
2010-03-01,95.0,62.0,84.0,501.0,390.0,239.0
2010-04-01,109.0,68.0,85.0,445.0,513.0,283.0
2010-05-01,122.0,63.0,78.0,486.0,603.0,312.0
2010-06-01,128.0,73.0,74.0,473.0,582.0,329.0
2010-07-01,142.0,76.0,102.0,481.0,621.0,323.0
2010-08-01,128.0,55.0,52.0,446.0,641.0,364.0
2010-09-01,128.0,56.0,77.0,433.0,634.0,317.0
2010-10-01,138.0,56.0,67.0,508.0,652.0,417.0
2010-11-01,168.0,65.0,88.0,492.0,700.0,319.0
2010-12-01,135.0,62.0,46.0,526.0,579.0,352.0
2011-01-01,145.0,77.0,65.0,560.0,538.0,366.0
2011-02-01,142.0,74.0,51.0,640.0,610.0,389.0
2011-03-01,142.0,72.0,65.0,569.0,641.0,393.0
2011-04-01,148.0,83.0,77.0,623.0,590.0,331.0
2011-05-01,141.0,74.0,109.0,640.0,585.0,319.0
2011-06-01,146.0,61.0,68.0,668.0,676.0,406.0
2011-07-01,153.0,71.0,85.0,678.0,790.0,363.0
2011-08-01,165.0,67.0,98.0,566.0,669.0,392.0
2011-09-01,171.0,79.0,87.0,630.0,891.0,428.0
2011-10-01,154.0,73.0,82.0,681.0,708.0,429.0
2011-11-01,158.0,70.0,84.0,744.0,667.0,434.0
2011-12-01,160.0,83.0,79.0,687.0,847.0,441.0
2012-01-01,179.0,71.0,89.0,666.0,948.0,453.0
2012-02-01,165.0,78.0,68.0,647.0,747.0,379.0
2012-03-01,193.0,123.0,91.0,696.0,837.0,447.0
2012-04-01,150.0,98.0,113.0,634.0,772.0,481.0
2012-05-01,205.0,97.0,92.0,624.0,750.0,458.0
2012-06-01,189.0,112.0,62.0,633.0,774.0,483.0
2012-07-01,168.0,88.0,88.0,671.0,740.0,489.0
2012-08-01,155.0,112.0,117.0,744.0,730.0,423.0
2012-09-01,141.0,107.0,95.0,774.0,694.0,422.0
2012-10-01,164.0,106.0,106.0,547.0,755.0,483.0
2012-11-01,164.0,90.0,97.0,683.0,749.0,499.0
2012-12-01,165.0,85.0,129.0,802.0,697.0,481.0
2013-01-01,156.0,96.0,120.0,745.0,776.0,470.0
2013-02-01,179.0,104.0,137.0,648.0,757.0,520.0
2013-03-01,174.0,84.0,116.0,734.0,750.0,514.0
2013-04-01,156.0,87.0,113.0,796.0,761.0,478.0
2013-05-01,154.0,94.0,120.0,817.0,788.0,469.0
2013-06-01,137.0,78.0,131.0,894.0,749.0,489.0
2013-07-01,122.0,99.0,104.0,727.0,696.0,503.0
2013-08-01,194.0,91.0,112.0,766.0,809.0,523.0
2013-09-01,177.0,91.0,128.0,810.0,751.0,550.0
2013-10-01,178.0,116.0,137.0,779.0,819.0,540.0
2013-11-01,171.0,145.0,156.0,800.0,745.0,543.0
2013-12-01,180.0,114.0,119.0,825.0,774.0,585.0
2014-01-01,168.0,94.0,155.0,816.0,713.0,596.0
2014-02-01,163.0,123.0,139.0,878.0,848.0,558.0
2014-03-01,157.0,125.0,125.0,942.0,773.0,571.0
2014-04-01,172.0,103.0,116.0,955.0,842.0,662.0
2014-05-01,175.0,119.0,119.0,937.0,857.0,710.0
2014-06-01,189.0,129.0,155.0,953.0,916.0,674.0
2014-07-01,191.0,104.0,149.0,937.0,908.0,630.0
2014-08-01,185.0,136.0,127.0,1180.0,967.0,705.0
2014-09-01,185.0,125.0,116.0,921.0,941.0,708.0
2014-10-01,189.0,105.0,149.0,946.0,956.0,671.0
2014-11-01,202.0,125.0,139.0,880.0,970.0,631.0
2014-12-01,191.0,116.0,139.0,911.0,1041.0,707.0
2015-01-01,199.0,122.0,147.0,976.0,1028.0,802.0
2015-02-01,194.0,115.0,171.0,1061.0,1082.0,750.0
2015-03-01,197.0,125.0,165.0,908.0,1101.0,719.0
2015-04-01,200.0,123.0,152.0,987.0,1239.0,720.0
2015-05-01,193.0,131.0,158.0,1005.0,1235.0,703.0
2015-06-01,176.0,115.0,145.0,958.0,1109.0,666.0
2015-07-01,198.0,139.0,147.0,1257.0,1146.0,761.0
2015-08-01,191.0,122.0,143.0,1034.0,1091.0,695.0
2015-09-01,185.0,130.0,122.0,1050.0,1110.0,705.0
2015-10-01,182.0,133.0,136.0,1080.0,1212.0,785.0
2015-11-01,173.0,126.0,123.0,1025.0,1285.0,764.0
2015-12-01,185.0,148.0,158.0,1050.0,1199.0,747.0
2016-01-01,177.0,145.0,169.0,1065.0,1310.0,759.0
2016-02-01,170.0,155.0,193.0,1080.0,1236.0,758.0
2016-03-01,175.0,161.0,206.0,1063.0,1471.0,827.0
2016-04-01,195.0,192.0,178.0,1095.0,1049.0,763.0
2016-05-01,185.0,168.0,176.0,1081.0,1163.0,743.0
2016-06-01,197.0,166.0,178.0,1077.0,1143.0,794.0
2016-07-01,198.0,146.0,210.0,1060.0,1248.0,757.0
2016-08-01,184.0,142.0,186.0,1013.0,1105.0,803.0
2016-09-01,187.0,139.0,260.0,1032.0,1204.0,739.0
2016-10-01,184.0,115.0,219.0,1012.0,985.0,760.0
2016-11-01,195.0,150.0,204.0,981.0,1227.0,765.0
2016-12-01,202.0,167.0,183.0,1071.0,1081.0,748.0
2017-01-01,212.0,159.0,161.0,981.0,984.0,724.0
2017-02-01,202.0,166.0,190.0,1037.0,986.0,898.0
2017-03-01,226.0,168.0,175.0,1097.0,1009.0,749.0
2017-04-01,201.0,172.0,207.0,1018.0,1047.0,843.0
2017-05-01,196.0,152.0,172.0,1052.0,1010.0,843.0
2017-06-01,218.0,175.0,203.0,1107.0,1237.0,854.0
2017-07-01,180.0,191.0,210.0,1141.0,1131.0,861.0
2017-08-01,242.0,178.0,206.0,1255.0,1110.0,909.0
2017-09-01,274.0,160.0,194.0,1205.0,1113.0,790.0
2017-10-01,255.0,168.0,204.0,1170.0,1323.0,796.0
2017-11-01,260.0,176.0,243.0,1279.0,1034.0,877.0
2017-12-01,246.0,159.0,232.0,1407.0,971.0,884.0
2018-01-01,267.0,180.0,250.0,1374.0,1118.0,931.0
2018-02-01,275.0,166.0,218.0,1302.0,1108.0,901.0
2018-03-01,247.0,169.0,223.0,1406.0,1185.0,928.0
2018-04-01,276.0,162.0,223.0,1511.0,1196.0,968.0
2018-05-01,296.0,164.0,266.0,1491.0,1239.0,975.0
2018-06-01,290.0,171.0,289.0,1492.0,1268.0,1061.0
2018-07-01,280.0,178.0,272.0,1481.0,1253.0,1019.0
2018-08-01,292.0,207.0,286.0,1287.0,1331.0,1007.0
2018-09-01,304.0,174.0,315.0,1523.0,1342.0,1073.0
2018-10-01,313.0,190.0,275.0,1430.0,1344.0,1015.0
2018-11-01,319.0,202.0,314.0,1593.0,1343.0,1023.0
2018-12-01,310.0,157.0,394.0,1412.0,1351.0,1075.0
2019-01-01,281.0,149.0,309.0,1446.0,1391.0,1121.0
2019-02-01,286.0,172.0,287.0,1273.0,1387.0,998.0
2019-03-01,286.0,149.0,359.0,1311.0,1347.0,1005.0
2019-04-01,285.0,166.0,405.0,1350.0,1169.0,1024.0
2019-05-01,288.0,182.0,357.0,1312.0,1277.0,1018.0
2019-06-01,280.0,185.0,302.0,1358.0,1279.0,945.0
2019-07-01,278.0,173.0,323.0,1286.0,1252.0,959.0
2019-08-01,285.0,154.0,328.0,1294.0,1282.0,961.0
2019-09-01,263.0,181.0,332.0,1263.0,1241.0,1025.0
2019-10-01,251.0,148.0,326.0,1424.0,1205.0,993.0
2019-11-01,271.0,143.0,242.0,1253.0,1202.0,973.0
2019-12-01,223.0,157.0,257.0,1189.0,1237.0,926.0
2020-01-01,249.0,158.0,299.0,1253.0,1293.0,913.0
2020-02-01,244.0,149.0,291.0,1214.0,1288.0,940.0
2020-03-01,159.0,135.0,226.0,1087.0,1095.0,653.0
2020-04-01,156.0,143.0,211.0,859.0,817.0,321.0
2020-05-01,181.0,133.0,283.0,1064.0,1001.0,710.0
2020-06-01,172.0,166.0,228.0,1104.0,1079.0,876.0
2020-07-01,212.0,181.0,306.0,1267.0,1149.0,781.0
2020-08-01,234.0,224.0,254.0,1240.0,1152.0,763.0
2020-09-01,257.0,212.0,227.0,1164.0,1262.0,801.0
2020-10-01,288.0,231.0,242.0,1218.0,1259.0,821.0
2020-11-01,239.0,251.0,260.0,1263.0,1343.0,845.0
2020-12-01,294.0,207.0,253.0,1223.0,1448.0,799.0
2021-01-01,302.0,227.0,317.0,1349.0,1419.0,735.0
2021-02-01,316.0,278.0,248.0,1433.0,1477.0,949.0
2021-03-01,381.0,353.0,344.0,1659.0,1563.0,1097.0
2021-04-01,463.0,371.0,321.0,1696.0,1727.0,1306.0
2021-05-01,497.0,398.0,306.0,1692.0,1888.0,1421.0
2021-06-01,503.0,392.0,327.0,1888.0,1932.0,1585.0
2021-07-01,536.0,384.0,376.0,1853.0,2076.0,1790.0
2021-08-01,489.0,377.0,386.0,2079.0,2057.0,1731.0
2021-09-01,561.0,369.0,352.0,2002.0,1954.0,1591.0
2021-10-01,554.0,389.0,403.0,2016.0,2115.0,1633.0
2021-11-01,505.0,343.0,365.0,1968.0,2045.0,1595.0
2021-12-01,474.0,373.0,390.0,1954.0,2092.0,1661.0
2022-01-01,549.0,348.0,428.0,1866.0,2096.0,1589.0
2022-02-01,512.0,319.0,387.0,1961.0,2348.0,1695.0
2022-03-01,559.0,338.0,445.0,2138.0,2454.0,1650.0
2022-04-01,626.0,375.0,441.0,1896.0,2318.0,1617.0
2022-05-01,519.0,306.0,412.0,1919.0,2226.0,1602.0
2022-06-01,542.0,309.0,401.0,1627.0,2282.0,1586.0
2022-07-01,524.0,373.0,375.0,1743.0,2101.0,1615.0
2022-08-01,523.0,318.0,334.0,1637.0,1785.0,1477.0
2022-09-01,492.0,322.0,434.0,1660.0,2134.0,1524.0
2022-10-01,483.0,250.0,397.0,1674.0,1797.0,1578.0
2022-11-01,507.0,308.0,317.0,1568.0,2151.0,1536.0
2022-12-01,483.0,254.0,422.0,1821.0,2136.0,1662.0
2023-01-01,471.0,247.0,306.0,1789.0,2028.0,1510.0
2023-02-01,436.0,236.0,389.0,1701.0,1824.0,1420.0
2023-03-01,418.0,262.0,298.0,1381.0,1794.0,1445.0
2023-04-01,367.0,279.0,379.0,1689.0,1806.0,1383.0
2023-05-01,346.0,225.0,380.0,1525.0,1613.0,1308.0
2023-06-01,354.0,210.0,420.0,1398.0,1527.0,1218.0
2023-07-01,346.0,172.0,359.0,1432.0,1243.0,1187.0
2023-08-01,360.0,222.0,379.0,1248.0,1565.0,1199.0
2023-09-01,343.0,256.0,421.0,1289.0,1511.0,1374.0
2023-10-01,349.0,211.0,415.0,1288.0,1501.0,1197.0
2023-11-01,362.0,178.0,449.0,1315.0,1379.0,1183.0
2023-12-01,420.0,176.0,453.0,1319.0,1405.0,918.0
2024-01-01,326.0,230.0,407.0,1088.0,1443.0,1085.0
2024-02-01,366.0,195.0,429.0,1041.0,1399.0,1087.0
2024-03-01,326.0,188.0,338.0,994.0,1272.0,1177.0
2024-04-01,324.0,166.0,326.0,988.0,1289.0,1042.0
2024-05-01,405.0,171.0,375.0,985.0,1302.0,871.0
2024-06-01,294.0,158.0,285.0,1071.0,1131.0,906.0
2024-07-01,337.0,162.0,229.0,965.0,1367.0,947.0
2024-08-01,298.0,169.0,304.0,1097.0,1332.0,971.0
2024-09-01,317.0,153.0,251.0,923.0,1308.0,965.0
2024-10-01,311.0,144.0,249.0,927.0,1358.0,1166.0
2024-11-01,286.0,157.0,277.0,1007.0,1733.0,1021.0
2024-12-01,291.0,140.0,205.0,1079.0,1364.0,1147.0
2025-01-01,369.0,144.0,242.0,1234.0,1211.0,1057.0
2025-02-01,313.0,131.0,286.0,1036.0,1336.0,1030.0
2025-03-01,261.0,136.0,251.0,1036.0,1249.0,960.0
2025-04-01,257.0,135.0,242.0,1036.0,1386.0,914.0
2025-05-01,296.0,129.0,232.0,951.0,1302.0,1199.0
2025-06-01,243.0,153.0,242.0,1102.0,1365.0,1034.0
2025-07-01,262.0,176.0,303.0,1096.0,1274.0,995.0
2025-08-01,259.0,150.0,188.0,1149.0,1235.0,1092.0
2025-09-01,256.0,129.0,231.0,1124.0,1502.0,1181.0
2025-10-01,274.0,140.0,202.0,1310.0,1300.0,1155.0
2025-11-01,271.0,128.0,284.0,1196.0,1273.0,884.0
2025-12-01,294.0,139.0,292.0,1024.0,1016.0,950.0
