,Total Nonfarm,Total Private,Construction,Manufacturing,Durable Goods Manufacturing,Nondurable Goods Manufacturing,"Trade, Transportation, and Utilities",Retail Trade,Professional and Business Services,Private Education and Health Services,Health Care and Social Assistance,Leisure and Hospitality,"Arts, Entertainment, and Recreation",Accommodation and Food Services,Government,State and Local
2000-12-01,5088.0,4541.0,233.0,425.0,301.0,124.0,784.0,502.0,871.0,919.0,864.0,566.0,42.0,525.0,548.0,481.0
2001-01-01,5234.0,4752.0,241.0,445.0,304.0,141.0,955.0,533.0,888.0,842.0,801.0,654.0,57.0,597.0,482.0,413.0
2001-02-01,5097.0,4619.0,253.0,420.0,281.0,139.0,962.0,586.0,1032.0,808.0,751.0,601.0,43.0,558.0,479.0,416.0
2001-03-01,4762.0,4316.0,188.0,436.0,249.0,187.0,687.0,431.0,901.0,818.0,761.0,695.0,126.0,568.0,445.0,388.0
2001-04-01,4615.0,4125.0,226.0,354.0,236.0,118.0,848.0,502.0,834.0,708.0,645.0,582.0,49.0,533.0,490.0,425.0
2001-05-01,4425.0,3940.0,224.0,327.0,217.0,110.0,721.0,487.0,750.0,812.0,740.0,527.0,57.0,470.0,486.0,417.0
2001-06-01,4361.0,3830.0,174.0,324.0,204.0,120.0,714.0,462.0,768.0,765.0,716.0,447.0,63.0,384.0,531.0,468.0
2001-07-01,4447.0,3937.0,178.0,308.0,191.0,117.0,677.0,409.0,756.0,804.0,749.0,588.0,78.0,509.0,509.0,458.0
2001-08-01,4024.0,3537.0,127.0,266.0,151.0,115.0,580.0,347.0,594.0,847.0,791.0,544.0,62.0,482.0,487.0,432.0
2001-09-01,4071.0,3637.0,167.0,338.0,221.0,117.0,606.0,384.0,644.0,772.0,717.0,540.0,77.0,463.0,434.0,380.0
2001-10-01,3707.0,3249.0,141.0,265.0,155.0,110.0,647.0,417.0,576.0,758.0,704.0,375.0,58.0,316.0,458.0,398.0
2001-11-01,3775.0,3288.0,164.0,230.0,124.0,106.0,630.0,419.0,604.0,733.0,682.0,452.0,65.0,387.0,486.0,433.0
2001-12-01,3677.0,3229.0,124.0,231.0,145.0,86.0,612.0,427.0,585.0,746.0,697.0,434.0,66.0,368.0,449.0,402.0
2002-01-01,3699.0,3289.0,129.0,262.0,161.0,101.0,616.0,399.0,592.0,756.0,696.0,356.0,44.0,313.0,410.0,363.0
2002-02-01,3436.0,2939.0,110.0,261.0,151.0,109.0,545.0,354.0,418.0,766.0,704.0,414.0,59.0,355.0,498.0,446.0
2002-03-01,3612.0,3164.0,139.0,243.0,138.0,104.0,623.0,367.0,548.0,718.0,673.0,410.0,81.0,330.0,448.0,395.0
2002-04-01,3471.0,3025.0,120.0,245.0,143.0,102.0,562.0,331.0,541.0,702.0,650.0,376.0,57.0,319.0,446.0,396.0
2002-05-01,3457.0,3005.0,136.0,239.0,148.0,91.0,527.0,321.0,567.0,654.0,612.0,399.0,61.0,339.0,452.0,399.0
2002-06-01,3412.0,3007.0,140.0,250.0,153.0,97.0,569.0,366.0,514.0,760.0,658.0,342.0,44.0,298.0,405.0,375.0
2002-07-01,3367.0,2927.0,102.0,256.0,167.0,89.0,567.0,391.0,543.0,689.0,635.0,376.0,44.0,332.0,440.0,391.0
2002-08-01,3517.0,3073.0,114.0,231.0,147.0,84.0,575.0,376.0,617.0,710.0,657.0,395.0,51.0,345.0,444.0,393.0
2002-09-01,3301.0,2910.0,142.0,240.0,144.0,95.0,507.0,334.0,572.0,712.0,660.0,351.0,35.0,316.0,390.0,342.0
2002-10-01,3479.0,3095.0,126.0,211.0,138.0,72.0,565.0,360.0,645.0,657.0,614.0,382.0,50.0,332.0,384.0,353.0
2002-11-01,3514.0,3086.0,110.0,228.0,136.0,92.0,504.0,308.0,590.0,762.0,715.0,406.0,65.0,341.0,427.0,378.0
2002-12-01,3169.0,2797.0,111.0,230.0,140.0,89.0,470.0,288.0,559.0,635.0,584.0,377.0,43.0,334.0,372.0,330.0
2003-01-01,3441.0,3007.0,107.0,201.0,117.0,84.0,555.0,366.0,684.0,640.0,590.0,392.0,34.0,358.0,435.0,377.0
2003-02-01,3229.0,2844.0,92.0,191.0,117.0,74.0,538.0,337.0,623.0,594.0,554.0,362.0,35.0,326.0,386.0,339.0
2003-03-01,3099.0,2734.0,90.0,209.0,136.0,73.0,509.0,324.0,575.0,582.0,539.0,352.0,32.0,320.0,365.0,314.0
2003-04-01,3108.0,2768.0,138.0,187.0,109.0,78.0,513.0,355.0,523.0,611.0,565.0,371.0,41.0,331.0,340.0,311.0
2003-05-01,3289.0,2957.0,104.0,196.0,109.0,87.0,536.0,357.0,640.0,651.0,600.0,430.0,66.0,364.0,333.0,289.0
2003-06-01,3390.0,2988.0,112.0,197.0,112.0,85.0,566.0,347.0,660.0,603.0,548.0,424.0,65.0,359.0,401.0,344.0
2003-07-01,2981.0,2636.0,136.0,186.0,110.0,76.0,485.0,310.0,538.0,540.0,488.0,338.0,49.0,289.0,345.0,283.0
2003-08-01,3190.0,2876.0,112.0,220.0,137.0,83.0,565.0,361.0,609.0,562.0,521.0,389.0,56.0,332.0,314.0,258.0
2003-09-01,3091.0,2756.0,79.0,194.0,123.0,71.0,533.0,349.0,583.0,551.0,513.0,396.0,46.0,350.0,335.0,287.0
2003-10-01,3305.0,2923.0,105.0,223.0,138.0,84.0,515.0,333.0,585.0,612.0,561.0,458.0,63.0,394.0,382.0,329.0
2003-11-01,3324.0,3011.0,118.0,242.0,157.0,85.0,554.0,344.0,627.0,582.0,533.0,438.0,51.0,387.0,313.0,265.0
2003-12-01,3414.0,3087.0,135.0,243.0,142.0,102.0,628.0,405.0,634.0,565.0,521.0,446.0,59.0,387.0,326.0,272.0
2004-01-01,3424.0,3095.0,170.0,238.0,142.0,95.0,546.0,346.0,556.0,613.0,568.0,454.0,77.0,376.0,329.0,272.0
2004-02-01,3532.0,3181.0,125.0,231.0,140.0,91.0,590.0,415.0,620.0,611.0,560.0,467.0,77.0,389.0,351.0,298.0
2004-03-01,3525.0,3159.0,149.0,249.0,153.0,96.0,629.0,399.0,570.0,634.0,578.0,443.0,56.0,387.0,366.0,313.0
2004-04-01,3511.0,3158.0,146.0,269.0,166.0,103.0,600.0,402.0,624.0,625.0,577.0,410.0,38.0,372.0,353.0,298.0
2004-05-01,3710.0,3343.0,150.0,288.0,177.0,111.0,650.0,435.0,676.0,625.0,574.0,429.0,54.0,374.0,367.0,336.0
2004-06-01,3337.0,3002.0,116.0,265.0,171.0,94.0,620.0,395.0,584.0,538.0,496.0,466.0,58.0,408.0,335.0,286.0
2004-07-01,3814.0,3482.0,124.0,283.0,177.0,106.0,702.0,435.0,686.0,611.0,555.0,516.0,51.0,465.0,332.0,292.0
2004-08-01,3541.0,3215.0,148.0,267.0,164.0,103.0,602.0,397.0,642.0,601.0,546.0,465.0,53.0,412.0,326.0,289.0
2004-09-01,3821.0,3475.0,112.0,260.0,168.0,92.0,758.0,527.0,679.0,603.0,552.0,524.0,70.0,454.0,346.0,296.0
2004-10-01,3943.0,3557.0,148.0,279.0,182.0,98.0,665.0,462.0,777.0,671.0,586.0,486.0,53.0,432.0,386.0,339.0
2004-11-01,3472.0,3114.0,146.0,242.0,155.0,87.0,532.0,317.0,673.0,626.0,570.0,428.0,82.0,346.0,358.0,306.0
2004-12-01,4074.0,3674.0,175.0,269.0,181.0,88.0,684.0,437.0,881.0,656.0,590.0,471.0,112.0,358.0,400.0,343.0
2005-01-01,3804.0,3490.0,144.0,283.0,190.0,94.0,643.0,440.0,732.0,610.0,554.0,541.0,79.0,462.0,314.0,280.0
2005-02-01,3965.0,3598.0,166.0,280.0,188.0,92.0,764.0,484.0,750.0,632.0,589.0,525.0,81.0,444.0,368.0,321.0
2005-03-01,4044.0,3692.0,167.0,286.0,177.0,109.0,747.0,516.0,736.0,689.0,622.0,558.0,96.0,461.0,352.0,310.0
2005-04-01,4159.0,3805.0,134.0,289.0,207.0,82.0,781.0,536.0,714.0,666.0,600.0,625.0,101.0,524.0,353.0,313.0
2005-05-01,3797.0,3448.0,120.0,268.0,188.0,80.0,710.0,455.0,663.0,697.0,626.0,535.0,71.0,464.0,349.0,305.0
2005-06-01,4062.0,3705.0,134.0,256.0,169.0,87.0,740.0,448.0,764.0,695.0,601.0,577.0,91.0,486.0,357.0,315.0
2005-07-01,4256.0,3864.0,151.0,290.0,192.0,98.0,757.0,487.0,837.0,699.0,635.0,536.0,99.0,436.0,392.0,344.0
2005-08-01,4142.0,3757.0,156.0,294.0,204.0,90.0,758.0,510.0,777.0,693.0,625.0,514.0,90.0,424.0,384.0,328.0
2005-09-01,4352.0,3952.0,153.0,330.0,228.0,102.0,784.0,514.0,818.0,719.0,636.0,485.0,73.0,412.0,399.0,346.0
2005-10-01,4184.0,3818.0,182.0,270.0,197.0,72.0,768.0,470.0,705.0,689.0,610.0,505.0,73.0,431.0,365.0,321.0
2005-11-01,4248.0,3881.0,177.0,354.0,227.0,127.0,784.0,505.0,783.0,679.0,602.0,529.0,61.0,469.0,368.0,327.0
2005-12-01,4282.0,3847.0,158.0,324.0,222.0,102.0,703.0,465.0,750.0,691.0,620.0,587.0,71.0,517.0,435.0,385.0
2006-01-01,4397.0,4001.0,171.0,319.0,230.0,89.0,718.0,465.0,748.0,735.0,654.0,634.0,123.0,511.0,397.0,349.0
2006-02-01,4325.0,3948.0,163.0,354.0,245.0,110.0,738.0,465.0,770.0,746.0,671.0,594.0,82.0,512.0,376.0,332.0
2006-03-01,4732.0,4313.0,180.0,354.0,240.0,114.0,918.0,583.0,853.0,723.0,627.0,563.0,64.0,500.0,419.0,379.0
2006-04-01,4790.0,4368.0,183.0,366.0,240.0,127.0,795.0,481.0,923.0,728.0,653.0,676.0,87.0,589.0,422.0,374.0
2006-05-01,4463.0,4034.0,158.0,296.0,190.0,106.0,826.0,511.0,855.0,691.0,612.0,545.0,59.0,487.0,429.0,382.0
2006-06-01,4614.0,4201.0,170.0,343.0,220.0,123.0,826.0,540.0,919.0,719.0,670.0,539.0,66.0,473.0,413.0,368.0
2006-07-01,4394.0,3907.0,175.0,297.0,204.0,93.0,699.0,417.0,949.0,630.0,565.0,589.0,67.0,522.0,488.0,435.0
2006-08-01,4710.0,4277.0,189.0,340.0,206.0,134.0,779.0,494.0,948.0,766.0,696.0,571.0,57.0,514.0,432.0,394.0
2006-09-01,4737.0,4264.0,165.0,336.0,215.0,121.0,854.0,520.0,911.0,765.0,686.0,575.0,109.0,467.0,473.0,438.0
2006-10-01,4591.0,4185.0,163.0,345.0,217.0,128.0,821.0,494.0,844.0,776.0,711.0,588.0,92.0,496.0,407.0,372.0
2006-11-01,4645.0,4207.0,140.0,313.0,201.0,112.0,796.0,492.0,861.0,810.0,736.0,616.0,86.0,530.0,438.0,402.0
2006-12-01,4620.0,4177.0,139.0,335.0,222.0,114.0,863.0,544.0,795.0,767.0,698.0,580.0,84.0,496.0,442.0,409.0
2007-01-01,4763.0,4303.0,266.0,337.0,213.0,124.0,897.0,500.0,957.0,757.0,694.0,512.0,83.0,429.0,460.0,428.0
2007-02-01,4699.0,4262.0,261.0,346.0,224.0,122.0,787.0,502.0,861.0,725.0,656.0,554.0,75.0,478.0,438.0,401.0
2007-03-01,4962.0,4527.0,184.0,377.0,237.0,140.0,860.0,474.0,1004.0,768.0,695.0,625.0,88.0,537.0,435.0,395.0
2007-04-01,4689.0,4256.0,182.0,349.0,217.0,132.0,865.0,487.0,953.0,779.0,707.0,563.0,77.0,486.0,434.0,394.0
2007-05-01,4657.0,4222.0,168.0,363.0,218.0,146.0,736.0,439.0,909.0,815.0,749.0,584.0,64.0,520.0,435.0,393.0
2007-06-01,4859.0,4415.0,174.0,353.0,222.0,131.0,816.0,506.0,959.0,819.0,733.0,633.0,113.0,520.0,444.0,409.0
2007-07-01,4598.0,4150.0,183.0,360.0,233.0,127.0,813.0,498.0,814.0,735.0,668.0,629.0,70.0,559.0,449.0,413.0
2007-08-01,4546.0,4086.0,163.0,320.0,208.0,112.0,803.0,458.0,742.0,802.0,723.0,635.0,64.0,572.0,460.0,412.0
2007-09-01,4652.0,4204.0,137.0,320.0,190.0,131.0,786.0,462.0,845.0,871.0,795.0,676.0,67.0,609.0,448.0,392.0
2007-10-01,4636.0,4207.0,166.0,280.0,165.0,116.0,759.0,442.0,1049.0,745.0,674.0,608.0,76.0,532.0,429.0,381.0
2007-11-01,4646.0,4194.0,143.0,317.0,187.0,130.0,781.0,485.0,995.0,768.0,696.0,635.0,103.0,532.0,452.0,405.0
2007-12-01,4545.0,4104.0,145.0,307.0,167.0,140.0,728.0,417.0,1036.0,781.0,712.0,582.0,57.0,525.0,441.0,380.0
2008-01-01,4624.0,4211.0,158.0,287.0,170.0,118.0,788.0,450.0,988.0,746.0,680.0,574.0,57.0,517.0,413.0,372.0
2008-02-01,4279.0,3848.0,136.0,268.0,144.0,124.0,664.0,390.0,967.0,806.0,740.0,552.0,66.0,486.0,430.0,388.0
2008-03-01,4225.0,3803.0,104.0,256.0,146.0,110.0,647.0,409.0,920.0,795.0,727.0,583.0,74.0,509.0,422.0,369.0
2008-04-01,4035.0,3613.0,101.0,271.0,161.0,110.0,649.0,427.0,838.0,715.0,644.0,549.0,61.0,488.0,422.0,379.0
2008-05-01,4194.0,3753.0,167.0,278.0,164.0,114.0,706.0,450.0,821.0,734.0,668.0,555.0,72.0,483.0,441.0,394.0
2008-06-01,3830.0,3396.0,134.0,239.0,147.0,92.0,607.0,376.0,736.0,761.0,699.0,471.0,53.0,417.0,434.0,378.0
2008-07-01,3749.0,3338.0,117.0,238.0,138.0,100.0,630.0,398.0,665.0,765.0,670.0,440.0,54.0,385.0,411.0,354.0
2008-08-01,3674.0,3289.0,79.0,249.0,144.0,105.0,659.0,441.0,659.0,700.0,633.0,431.0,77.0,354.0,384.0,340.0
2008-09-01,3222.0,2843.0,111.0,214.0,124.0,90.0,471.0,273.0,631.0,611.0,559.0,410.0,56.0,354.0,379.0,343.0
2008-10-01,3377.0,2995.0,73.0,239.0,137.0,103.0,640.0,455.0,577.0,665.0,592.0,409.0,54.0,355.0,382.0,332.0
2008-11-01,3231.0,2845.0,70.0,189.0,107.0,83.0,584.0,417.0,527.0,673.0,606.0,349.0,53.0,295.0,385.0,338.0
2008-12-01,3146.0,2817.0,64.0,164.0,92.0,72.0,536.0,388.0,578.0,621.0,548.0,348.0,50.0,298.0,329.0,292.0
2009-01-01,2738.0,2379.0,41.0,116.0,54.0,62.0,509.0,376.0,536.0,587.0,521.0,241.0,35.0,206.0,359.0,298.0
2009-02-01,2864.0,2496.0,82.0,136.0,72.0,63.0,454.0,323.0,533.0,554.0,501.0,326.0,30.0,296.0,368.0,310.0
2009-03-01,2534.0,2172.0,47.0,117.0,60.0,57.0,444.0,297.0,452.0,514.0,467.0,263.0,24.0,239.0,362.0,261.0
2009-04-01,2295.0,1937.0,24.0,88.0,42.0,47.0,339.0,219.0,438.0,513.0,466.0,273.0,25.0,247.0,358.0,307.0
2009-05-01,2549.0,2275.0,46.0,92.0,48.0,44.0,547.0,406.0,446.0,527.0,487.0,296.0,28.0,268.0,274.0,249.0
2009-06-01,2503.0,2179.0,61.0,99.0,45.0,54.0,450.0,299.0,405.0,526.0,470.0,283.0,19.0,264.0,324.0,279.0
2009-07-01,2232.0,1946.0,45.0,91.0,42.0,48.0,301.0,196.0,449.0,533.0,492.0,259.0,36.0,223.0,286.0,235.0
2009-08-01,2338.0,2034.0,58.0,116.0,57.0,59.0,422.0,281.0,420.0,540.0,487.0,198.0,25.0,173.0,304.0,273.0
2009-09-01,2487.0,2200.0,64.0,127.0,70.0,58.0,376.0,261.0,464.0,546.0,505.0,286.0,26.0,260.0,287.0,223.0
2009-10-01,2406.0,2024.0,55.0,128.0,67.0,61.0,335.0,215.0,413.0,527.0,483.0,261.0,17.0,244.0,382.0,271.0
2009-11-01,2503.0,2152.0,65.0,152.0,79.0,73.0,366.0,241.0,435.0,514.0,474.0,279.0,29.0,251.0,351.0,257.0
2009-12-01,2568.0,2239.0,77.0,181.0,94.0,87.0,417.0,299.0,432.0,547.0,493.0,258.0,19.0,239.0,330.0,260.0
2010-01-01,2837.0,2432.0,58.0,146.0,79.0,67.0,454.0,332.0,457.0,618.0,589.0,279.0,22.0,257.0,404.0,255.0
2010-02-01,2666.0,2324.0,73.0,162.0,101.0,62.0,468.0,343.0,430.0,524.0,461.0,266.0,27.0,239.0,343.0,222.0
2010-03-01,2679.0,2271.0,84.0,157.0,95.0,62.0,501.0,348.0,390.0,535.0,450.0,239.0,28.0,211.0,408.0,259.0
2010-04-01,3153.0,2530.0,85.0,176.0,109.0,68.0,445.0,294.0,513.0,514.0,456.0,283.0,28.0,255.0,623.0,249.0
2010-05-01,2988.0,2603.0,78.0,184.0,122.0,63.0,486.0,323.0,603.0,507.0,435.0,312.0,52.0,260.0,385.0,242.0
2010-06-01,2801.0,2500.0,74.0,201.0,128.0,73.0,473.0,314.0,582.0,461.0,408.0,329.0,62.0,267.0,301.0,214.0
2010-07-01,3082.0,2758.0,102.0,218.0,142.0,76.0,481.0,324.0,621.0,536.0,470.0,323.0,39.0,285.0,324.0,240.0
2010-08-01,2999.0,2653.0,52.0,183.0,128.0,55.0,446.0,284.0,641.0,491.0,436.0,364.0,45.0,319.0,346.0,245.0
2010-09-01,2918.0,2582.0,77.0,185.0,128.0,56.0,433.0,255.0,634.0,522.0,469.0,317.0,33.0,283.0,337.0,251.0
2010-10-01,3235.0,2890.0,67.0,194.0,138.0,56.0,508.0,333.0,652.0,627.0,562.0,417.0,35.0,382.0,345.0,271.0
2010-11-01,3211.0,2874.0,88.0,232.0,168.0,65.0,492.0,327.0,700.0,557.0,495.0,319.0,28.0,291.0,337.0,265.0
2010-12-01,3058.0,2659.0,46.0,197.0,135.0,62.0,526.0,325.0,579.0,551.0,493.0,352.0,41.0,312.0,399.0,308.0
2011-01-01,3104.0,2766.0,65.0,221.0,145.0,77.0,560.0,353.0,538.0,547.0,473.0,366.0,36.0,331.0,338.0,277.0
2011-02-01,3226.0,2910.0,51.0,216.0,142.0,74.0,640.0,397.0,610.0,574.0,505.0,389.0,47.0,342.0,316.0,258.0
2011-03-01,3261.0,2939.0,65.0,214.0,142.0,72.0,569.0,351.0,641.0,606.0,547.0,393.0,41.0,352.0,323.0,269.0
2011-04-01,3259.0,2917.0,77.0,231.0,148.0,83.0,623.0,401.0,590.0,604.0,533.0,331.0,41.0,289.0,341.0,288.0
2011-05-01,3179.0,2880.0,109.0,216.0,141.0,74.0,640.0,431.0,585.0,583.0,534.0,319.0,40.0,279.0,298.0,235.0
2011-06-01,3455.0,3095.0,68.0,207.0,146.0,61.0,668.0,451.0,676.0,619.0,544.0,406.0,81.0,325.0,359.0,298.0
2011-07-01,3623.0,3291.0,85.0,224.0,153.0,71.0,678.0,437.0,790.0,632.0,565.0,363.0,75.0,288.0,332.0,263.0
2011-08-01,3329.0,3000.0,98.0,232.0,165.0,67.0,566.0,396.0,669.0,645.0,577.0,392.0,49.0,343.0,329.0,277.0
2011-09-01,3774.0,3377.0,87.0,250.0,171.0,79.0,630.0,392.0,891.0,618.0,545.0,428.0,66.0,362.0,397.0,332.0
2011-10-01,3619.0,3252.0,82.0,228.0,154.0,73.0,681.0,410.0,708.0,633.0,569.0,429.0,63.0,366.0,367.0,291.0
2011-11-01,3565.0,3208.0,84.0,228.0,158.0,70.0,744.0,497.0,667.0,642.0,579.0,434.0,54.0,380.0,357.0,297.0
2011-12-01,3768.0,3404.0,79.0,243.0,160.0,83.0,687.0,442.0,847.0,635.0,579.0,441.0,39.0,402.0,364.0,298.0
2012-01-01,3909.0,3561.0,89.0,250.0,179.0,71.0,666.0,403.0,948.0,679.0,625.0,453.0,72.0,380.0,349.0,283.0
2012-02-01,3616.0,3221.0,68.0,243.0,165.0,78.0,647.0,389.0,747.0,681.0,615.0,379.0,59.0,320.0,395.0,323.0
2012-03-01,3979.0,3582.0,91.0,316.0,193.0,123.0,696.0,448.0,837.0,693.0,625.0,447.0,49.0,398.0,396.0,317.0
2012-04-01,3793.0,3426.0,113.0,248.0,150.0,98.0,634.0,384.0,772.0,680.0,619.0,481.0,77.0,404.0,367.0,289.0
2012-05-01,3835.0,3438.0,92.0,302.0,205.0,97.0,624.0,372.0,750.0,724.0,656.0,458.0,65.0,393.0,397.0,330.0
2012-06-01,3911.0,3524.0,62.0,301.0,189.0,112.0,633.0,377.0,774.0,762.0,702.0,483.0,73.0,411.0,387.0,309.0
2012-07-01,3735.0,3356.0,88.0,257.0,168.0,88.0,671.0,416.0,740.0,681.0,596.0,489.0,65.0,424.0,379.0,314.0
2012-08-01,3809.0,3389.0,117.0,267.0,155.0,112.0,744.0,483.0,730.0,662.0,596.0,423.0,59.0,364.0,420.0,326.0
2012-09-01,3882.0,3500.0,95.0,248.0,141.0,107.0,774.0,496.0,694.0,718.0,650.0,422.0,55.0,368.0,383.0,309.0
2012-10-01,3775.0,3394.0,106.0,270.0,164.0,106.0,547.0,305.0,755.0,704.0,642.0,483.0,54.0,429.0,380.0,312.0
2012-11-01,3878.0,3513.0,97.0,254.0,164.0,90.0,683.0,469.0,749.0,735.0,667.0,499.0,56.0,442.0,364.0,310.0
2012-12-01,3970.0,3563.0,129.0,250.0,165.0,85.0,802.0,507.0,697.0,712.0,647.0,481.0,65.0,415.0,408.0,333.0
2013-01-01,3923.0,3467.0,120.0,252.0,156.0,96.0,745.0,473.0,776.0,628.0,560.0,470.0,55.0,415.0,456.0,365.0
2013-02-01,4004.0,3584.0,137.0,283.0,179.0,104.0,648.0,402.0,757.0,692.0,631.0,520.0,52.0,468.0,421.0,356.0
2013-03-01,4076.0,3681.0,116.0,257.0,174.0,84.0,734.0,472.0,750.0,713.0,637.0,514.0,63.0,451.0,395.0,340.0
2013-04-01,3988.0,3566.0,113.0,243.0,156.0,87.0,796.0,534.0,761.0,716.0,646.0,478.0,47.0,430.0,421.0,342.0
2013-05-01,4145.0,3736.0,120.0,248.0,154.0,94.0,817.0,558.0,788.0,686.0,617.0,469.0,47.0,422.0,410.0,361.0
2013-06-01,4150.0,3749.0,131.0,216.0,137.0,78.0,894.0,634.0,749.0,684.0,615.0,489.0,51.0,438.0,400.0,351.0
2013-07-01,3885.0,3509.0,104.0,221.0,122.0,99.0,727.0,488.0,696.0,644.0,571.0,503.0,52.0,451.0,376.0,324.0
2013-08-01,4085.0,3692.0,112.0,285.0,194.0,91.0,766.0,484.0,809.0,753.0,680.0,523.0,94.0,429.0,393.0,352.0
2013-09-01,4128.0,3732.0,128.0,268.0,177.0,91.0,810.0,530.0,751.0,677.0,610.0,550.0,68.0,482.0,396.0,344.0
2013-10-01,4222.0,3827.0,137.0,294.0,178.0,116.0,779.0,530.0,819.0,683.0,606.0,540.0,90.0,450.0,395.0,349.0
2013-11-01,4119.0,3714.0,156.0,316.0,171.0,145.0,800.0,508.0,745.0,662.0,579.0,543.0,81.0,462.0,405.0,346.0
2013-12-01,4121.0,3775.0,119.0,294.0,180.0,114.0,825.0,525.0,774.0,618.0,537.0,585.0,82.0,504.0,347.0,303.0
2014-01-01,4127.0,3738.0,155.0,261.0,168.0,94.0,816.0,528.0,713.0,705.0,630.0,596.0,92.0,505.0,389.0,338.0
2014-02-01,4373.0,3971.0,139.0,286.0,163.0,123.0,878.0,630.0,848.0,733.0,660.0,558.0,74.0,485.0,402.0,349.0
2014-03-01,4388.0,3962.0,125.0,282.0,157.0,125.0,942.0,665.0,773.0,759.0,678.0,571.0,53.0,518.0,425.0,365.0
2014-04-01,4566.0,4131.0,116.0,275.0,172.0,103.0,955.0,652.0,842.0,723.0,642.0,662.0,92.0,570.0,435.0,376.0
2014-05-01,4747.0,4307.0,119.0,294.0,175.0,119.0,937.0,625.0,857.0,817.0,734.0,710.0,89.0,621.0,441.0,371.0
2014-06-01,4982.0,4468.0,155.0,318.0,189.0,129.0,953.0,634.0,916.0,849.0,739.0,674.0,76.0,598.0,514.0,447.0
2014-07-01,4846.0,4371.0,149.0,296.0,191.0,104.0,937.0,601.0,908.0,869.0,784.0,630.0,64.0,566.0,475.0,413.0
2014-08-01,5349.0,4911.0,127.0,322.0,185.0,136.0,1180.0,840.0,967.0,930.0,840.0,705.0,84.0,621.0,438.0,364.0
2014-09-01,4914.0,4446.0,116.0,310.0,185.0,125.0,921.0,589.0,941.0,885.0,779.0,708.0,76.0,632.0,468.0,396.0
2014-10-01,5012.0,4577.0,149.0,294.0,189.0,105.0,946.0,598.0,956.0,891.0,801.0,671.0,66.0,604.0,435.0,360.0
2014-11-01,4843.0,4372.0,139.0,327.0,202.0,125.0,880.0,508.0,970.0,800.0,711.0,631.0,58.0,573.0,472.0,392.0
2014-12-01,5130.0,4626.0,139.0,307.0,191.0,116.0,911.0,544.0,1041.0,941.0,846.0,707.0,86.0,621.0,505.0,428.0
2015-01-01,5344.0,4818.0,147.0,321.0,199.0,122.0,976.0,616.0,1028.0,918.0,815.0,802.0,87.0,716.0,526.0,441.0
2015-02-01,5466.0,4950.0,171.0,309.0,194.0,115.0,1061.0,681.0,1082.0,927.0,823.0,750.0,97.0,653.0,515.0,429.0
2015-03-01,5210.0,4709.0,165.0,322.0,197.0,125.0,908.0,527.0,1101.0,907.0,815.0,719.0,89.0,630.0,501.0,418.0
2015-04-01,5598.0,5077.0,152.0,323.0,200.0,123.0,987.0,589.0,1239.0,1004.0,905.0,720.0,72.0,648.0,521.0,427.0
2015-05-01,5563.0,5040.0,158.0,324.0,193.0,131.0,1005.0,543.0,1235.0,986.0,890.0,703.0,72.0,632.0,523.0,439.0
2015-06-01,5248.0,4778.0,145.0,291.0,176.0,115.0,958.0,572.0,1109.0,1005.0,903.0,666.0,67.0,599.0,471.0,380.0
2015-07-01,6056.0,5507.0,147.0,336.0,198.0,139.0,1257.0,823.0,1146.0,1171.0,1047.0,761.0,69.0,692.0,548.0,449.0
2015-08-01,5467.0,4973.0,143.0,314.0,191.0,122.0,1034.0,661.0,1091.0,1040.0,942.0,695.0,58.0,637.0,494.0,403.0
2015-09-01,5488.0,5018.0,122.0,315.0,185.0,130.0,1050.0,678.0,1110.0,1077.0,982.0,705.0,74.0,631.0,470.0,398.0
2015-10-01,5773.0,5246.0,136.0,314.0,182.0,133.0,1080.0,655.0,1212.0,1076.0,950.0,785.0,77.0,708.0,527.0,431.0
2015-11-01,5708.0,5185.0,123.0,298.0,173.0,126.0,1025.0,578.0,1285.0,1101.0,994.0,764.0,87.0,678.0,523.0,426.0
2015-12-01,5845.0,5304.0,158.0,334.0,185.0,148.0,1050.0,642.0,1199.0,1065.0,939.0,747.0,77.0,670.0,541.0,442.0
2016-01-01,6012.0,5497.0,169.0,321.0,177.0,145.0,1065.0,719.0,1310.0,1179.0,1095.0,759.0,91.0,668.0,515.0,422.0
2016-02-01,5770.0,5282.0,193.0,325.0,170.0,155.0,1080.0,711.0,1236.0,1020.0,891.0,758.0,74.0,685.0,488.0,390.0
2016-03-01,6129.0,5633.0,206.0,336.0,175.0,161.0,1063.0,705.0,1471.0,1079.0,973.0,827.0,119.0,708.0,496.0,404.0
2016-04-01,5803.0,5301.0,178.0,387.0,195.0,192.0,1095.0,672.0,1049.0,1105.0,983.0,763.0,112.0,650.0,502.0,405.0
2016-05-01,5777.0,5239.0,176.0,353.0,185.0,168.0,1081.0,722.0,1163.0,1098.0,991.0,743.0,92.0,651.0,538.0,439.0
2016-06-01,5742.0,5262.0,178.0,363.0,197.0,166.0,1077.0,712.0,1143.0,1070.0,971.0,794.0,94.0,700.0,479.0,394.0
2016-07-01,5962.0,5375.0,210.0,344.0,198.0,146.0,1060.0,693.0,1248.0,1118.0,1018.0,757.0,105.0,651.0,587.0,492.0
2016-08-01,5677.0,5166.0,186.0,326.0,184.0,142.0,1013.0,648.0,1105.0,1054.0,966.0,803.0,96.0,708.0,511.0,411.0
2016-09-01,5868.0,5340.0,260.0,326.0,187.0,139.0,1032.0,704.0,1204.0,1110.0,997.0,739.0,80.0,659.0,527.0,418.0
2016-10-01,5591.0,5107.0,219.0,299.0,184.0,115.0,1012.0,661.0,985.0,1238.0,1105.0,760.0,108.0,652.0,484.0,394.0
2016-11-01,5971.0,5394.0,204.0,345.0,195.0,150.0,981.0,626.0,1227.0,1197.0,1099.0,765.0,107.0,658.0,577.0,484.0
2016-12-01,5964.0,5404.0,183.0,369.0,202.0,167.0,1071.0,669.0,1081.0,1200.0,1097.0,748.0,94.0,654.0,560.0,405.0
2017-01-01,5617.0,5120.0,161.0,371.0,212.0,159.0,981.0,635.0,984.0,1152.0,1079.0,724.0,81.0,644.0,497.0,417.0
2017-02-01,5923.0,5418.0,190.0,369.0,202.0,166.0,1037.0,645.0,986.0,1238.0,1119.0,898.0,92.0,805.0,505.0,426.0
2017-03-01,5811.0,5305.0,175.0,394.0,226.0,168.0,1097.0,691.0,1009.0,1122.0,1014.0,749.0,96.0,653.0,506.0,423.0
2017-04-01,6091.0,5547.0,207.0,373.0,201.0,172.0,1018.0,638.0,1047.0,1108.0,1016.0,843.0,85.0,759.0,543.0,461.0
2017-05-01,5826.0,5275.0,172.0,347.0,196.0,152.0,1052.0,686.0,1010.0,1101.0,997.0,843.0,67.0,776.0,551.0,438.0
2017-06-01,6305.0,5731.0,203.0,392.0,218.0,175.0,1107.0,670.0,1237.0,1169.0,1083.0,854.0,119.0,735.0,574.0,472.0
2017-07-01,6238.0,5690.0,210.0,371.0,180.0,191.0,1141.0,683.0,1131.0,1156.0,1036.0,861.0,113.0,749.0,548.0,444.0
2017-08-01,6276.0,5774.0,206.0,420.0,242.0,178.0,1255.0,778.0,1110.0,1167.0,1067.0,909.0,97.0,812.0,503.0,420.0
2017-09-01,6320.0,5757.0,194.0,434.0,274.0,160.0,1205.0,734.0,1113.0,1146.0,1044.0,790.0,105.0,685.0,563.0,474.0
2017-10-01,6408.0,5855.0,204.0,424.0,255.0,168.0,1170.0,767.0,1323.0,1136.0,1038.0,796.0,88.0,708.0,553.0,465.0
2017-11-01,6271.0,5736.0,243.0,435.0,260.0,176.0,1279.0,930.0,1034.0,1118.0,1010.0,877.0,87.0,790.0,535.0,457.0
2017-12-01,6336.0,5758.0,232.0,405.0,246.0,159.0,1407.0,932.0,971.0,1163.0,1066.0,884.0,87.0,797.0,578.0,482.0
2018-01-01,6621.0,6029.0,250.0,447.0,267.0,180.0,1374.0,887.0,1118.0,1154.0,1046.0,931.0,88.0,843.0,591.0,478.0
2018-02-01,6552.0,5956.0,218.0,441.0,275.0,166.0,1302.0,824.0,1108.0,1187.0,1094.0,901.0,113.0,789.0,596.0,524.0
2018-03-01,6818.0,6191.0,223.0,416.0,247.0,169.0,1406.0,912.0,1185.0,1231.0,1120.0,928.0,99.0,829.0,628.0,523.0
2018-04-01,6877.0,6284.0,223.0,438.0,276.0,162.0,1511.0,1031.0,1196.0,1215.0,1117.0,968.0,115.0,853.0,593.0,511.0
2018-05-01,7016.0,6420.0,266.0,460.0,296.0,164.0,1491.0,964.0,1239.0,1204.0,1099.0,975.0,128.0,847.0,596.0,495.0
2018-06-01,7230.0,6584.0,289.0,461.0,290.0,171.0,1492.0,980.0,1268.0,1257.0,1119.0,1061.0,158.0,903.0,646.0,534.0
2018-07-01,7190.0,6544.0,272.0,458.0,280.0,178.0,1481.0,961.0,1253.0,1232.0,1119.0,1019.0,100.0,918.0,646.0,528.0
2018-08-01,7208.0,6483.0,286.0,500.0,292.0,207.0,1287.0,797.0,1331.0,1249.0,1123.0,1007.0,112.0,895.0,725.0,602.0
2018-09-01,7411.0,6794.0,315.0,478.0,304.0,174.0,1523.0,947.0,1342.0,1281.0,1198.0,1073.0,90.0,982.0,617.0,526.0
2018-10-01,7304.0,6688.0,275.0,502.0,313.0,190.0,1430.0,967.0,1344.0,1242.0,1147.0,1015.0,94.0,921.0,616.0,512.0
2018-11-01,7594.0,6919.0,314.0,520.0,319.0,202.0,1593.0,1044.0,1343.0,1258.0,1167.0,1023.0,97.0,925.0,676.0,557.0
2018-12-01,7489.0,6809.0,394.0,467.0,310.0,157.0,1412.0,910.0,1351.0,1321.0,1221.0,1075.0,116.0,960.0,680.0,563.0
2019-01-01,7502.0,6808.0,309.0,431.0,281.0,149.0,1446.0,818.0,1391.0,1360.0,1241.0,1121.0,104.0,1018.0,693.0,563.0
2019-02-01,7066.0,6380.0,287.0,457.0,286.0,172.0,1273.0,803.0,1387.0,1215.0,1108.0,998.0,105.0,893.0,687.0,559.0
2019-03-01,7317.0,6601.0,359.0,435.0,286.0,149.0,1311.0,773.0,1347.0,1350.0,1240.0,1005.0,101.0,904.0,715.0,593.0
2019-04-01,7272.0,6537.0,405.0,451.0,285.0,166.0,1350.0,754.0,1169.0,1399.0,1272.0,1024.0,119.0,905.0,735.0,572.0
2019-05-01,7275.0,6600.0,357.0,471.0,288.0,182.0,1312.0,753.0,1277.0,1363.0,1237.0,1018.0,134.0,884.0,674.0,562.0
2019-06-01,7194.0,6449.0,302.0,465.0,280.0,185.0,1358.0,818.0,1279.0,1303.0,1177.0,945.0,109.0,836.0,745.0,635.0
2019-07-01,7042.0,6392.0,323.0,452.0,278.0,173.0,1286.0,832.0,1252.0,1294.0,1178.0,959.0,114.0,845.0,649.0,533.0
2019-08-01,7178.0,6431.0,328.0,439.0,285.0,154.0,1294.0,798.0,1282.0,1327.0,1207.0,961.0,128.0,833.0,747.0,634.0
2019-09-01,7124.0,6384.0,332.0,444.0,263.0,181.0,1263.0,732.0,1241.0,1236.0,1112.0,1025.0,144.0,881.0,740.0,626.0
2019-10-01,7289.0,6504.0,326.0,399.0,251.0,148.0,1424.0,822.0,1205.0,1301.0,1174.0,993.0,136.0,857.0,785.0,657.0
2019-11-01,6888.0,6124.0,242.0,414.0,271.0,143.0,1253.0,741.0,1202.0,1292.0,1160.0,973.0,119.0,854.0,764.0,648.0
2019-12-01,6699.0,5951.0,257.0,380.0,223.0,157.0,1189.0,727.0,1237.0,1241.0,1134.0,926.0,137.0,789.0,748.0,655.0
2020-01-01,7124.0,6304.0,299.0,407.0,249.0,158.0,1253.0,758.0,1293.0,1320.0,1202.0,913.0,162.0,751.0,820.0,672.0
2020-02-01,6966.0,6194.0,291.0,392.0,244.0,149.0,1214.0,744.0,1288.0,1282.0,1157.0,940.0,139.0,801.0,771.0,658.0
2020-03-01,5894.0,5181.0,226.0,295.0,159.0,135.0,1087.0,595.0,1095.0,1157.0,1050.0,653.0,108.0,544.0,713.0,589.0
2020-04-01,4606.0,3955.0,211.0,298.0,156.0,143.0,859.0,453.0,817.0,952.0,855.0,321.0,50.0,270.0,651.0,543.0
2020-05-01,5612.0,4991.0,283.0,314.0,181.0,133.0,1064.0,646.0,1001.0,1007.0,925.0,710.0,102.0,608.0,621.0,544.0
2020-06-01,6129.0,5464.0,228.0,338.0,172.0,166.0,1104.0,622.0,1079.0,1127.0,1039.0,876.0,127.0,749.0,665.0,545.0
2020-07-01,6530.0,5712.0,306.0,392.0,212.0,181.0,1267.0,773.0,1149.0,1178.0,1090.0,781.0,83.0,699.0,818.0,529.0
2020-08-01,6429.0,5722.0,254.0,458.0,234.0,224.0,1240.0,731.0,1152.0,1237.0,1129.0,763.0,80.0,683.0,707.0,593.0
2020-09-01,6511.0,5803.0,227.0,469.0,257.0,212.0,1164.0,694.0,1262.0,1220.0,1110.0,801.0,89.0,711.0,708.0,606.0
2020-10-01,6798.0,6066.0,242.0,519.0,288.0,231.0,1218.0,711.0,1259.0,1314.0,1194.0,821.0,101.0,720.0,732.0,631.0
2020-11-01,6820.0,6144.0,260.0,490.0,239.0,251.0,1263.0,755.0,1343.0,1315.0,1210.0,845.0,115.0,729.0,676.0,576.0
2020-12-01,6773.0,6109.0,253.0,502.0,294.0,207.0,1223.0,740.0,1448.0,1241.0,1155.0,799.0,99.0,700.0,664.0,563.0
2021-01-01,7204.0,6446.0,317.0,529.0,302.0,227.0,1349.0,790.0,1419.0,1368.0,1211.0,735.0,93.0,642.0,759.0,660.0
2021-02-01,7752.0,7057.0,248.0,595.0,316.0,278.0,1433.0,823.0,1477.0,1588.0,1479.0,949.0,124.0,825.0,695.0,597.0
2021-03-01,8470.0,7607.0,344.0,735.0,381.0,353.0,1659.0,941.0,1563.0,1470.0,1342.0,1097.0,147.0,950.0,863.0,725.0
2021-04-01,9356.0,8390.0,321.0,834.0,463.0,371.0,1696.0,935.0,1727.0,1579.0,1434.0,1306.0,169.0,1137.0,966.0,806.0
2021-05-01,9905.0,9008.0,306.0,894.0,497.0,398.0,1692.0,943.0,1888.0,1757.0,1585.0,1421.0,173.0,1248.0,898.0,768.0
2021-06-01,10298.0,9363.0,327.0,894.0,503.0,392.0,1888.0,1099.0,1932.0,1787.0,1592.0,1585.0,217.0,1368.0,935.0,794.0
2021-07-01,11049.0,10106.0,376.0,920.0,536.0,384.0,1853.0,1040.0,2076.0,1871.0,1695.0,1790.0,211.0,1579.0,944.0,827.0
2021-08-01,10956.0,10100.0,386.0,867.0,489.0,377.0,2079.0,1172.0,2057.0,1814.0,1639.0,1731.0,197.0,1534.0,856.0,730.0
2021-09-01,10879.0,9921.0,352.0,930.0,561.0,369.0,2002.0,1080.0,1954.0,1907.0,1776.0,1591.0,175.0,1416.0,957.0,821.0
2021-10-01,11341.0,10361.0,403.0,942.0,554.0,389.0,2016.0,1065.0,2115.0,2097.0,1877.0,1633.0,182.0,1451.0,980.0,854.0
2021-11-01,11119.0,10139.0,365.0,847.0,505.0,343.0,1968.0,1017.0,2045.0,2103.0,1900.0,1595.0,194.0,1401.0,980.0,819.0
2021-12-01,11417.0,10327.0,390.0,846.0,474.0,373.0,1954.0,998.0,2092.0,2139.0,1932.0,1661.0,185.0,1477.0,1090.0,946.0
2022-01-01,11238.0,10222.0,428.0,897.0,549.0,348.0,1866.0,997.0,2096.0,2096.0,1935.0,1589.0,184.0,1405.0,1016.0,896.0
2022-02-01,11661.0,10600.0,387.0,830.0,512.0,319.0,1961.0,1055.0,2348.0,2188.0,1997.0,1695.0,182.0,1513.0,1061.0,902.0
2022-03-01,12134.0,11105.0,445.0,898.0,559.0,338.0,2138.0,1316.0,2454.0,2286.0,2115.0,1650.0,172.0,1478.0,1029.0,901.0
2022-04-01,11881.0,10815.0,441.0,1001.0,626.0,375.0,1896.0,1063.0,2318.0,2213.0,2036.0,1617.0,156.0,1461.0,1066.0,945.0
2022-05-01,11483.0,10421.0,412.0,825.0,519.0,306.0,1919.0,1060.0,2226.0,2199.0,2041.0,1602.0,169.0,1433.0,1063.0,938.0
2022-06-01,11256.0,10272.0,401.0,851.0,542.0,309.0,1627.0,867.0,2282.0,2161.0,2002.0,1586.0,156.0,1430.0,984.0,872.0
2022-07-01,11610.0,10383.0,375.0,898.0,524.0,373.0,1743.0,908.0,2101.0,2279.0,2075.0,1615.0,198.0,1417.0,1227.0,1061.0
2022-08-01,10148.0,9195.0,334.0,841.0,523.0,318.0,1637.0,820.0,1785.0,2133.0,1973.0,1477.0,200.0,1277.0,954.0,824.0
2022-09-01,10812.0,9746.0,434.0,814.0,492.0,322.0,1660.0,850.0,2134.0,2215.0,2058.0,1524.0,198.0,1326.0,1066.0,878.0
2022-10-01,10488.0,9497.0,397.0,734.0,483.0,250.0,1674.0,878.0,1797.0,2139.0,1986.0,1578.0,210.0,1367.0,991.0,874.0
2022-11-01,10619.0,9583.0,317.0,815.0,507.0,308.0,1568.0,852.0,2151.0,2063.0,1905.0,1536.0,189.0,1347.0,1035.0,897.0
2022-12-01,10876.0,9849.0,422.0,737.0,483.0,254.0,1821.0,937.0,2136.0,2069.0,1921.0,1662.0,197.0,1465.0,1027.0,887.0
2023-01-01,10393.0,9320.0,306.0,718.0,471.0,247.0,1789.0,867.0,2028.0,2010.0,1827.0,1510.0,179.0,1331.0,1073.0,902.0
2023-02-01,9846.0,8836.0,389.0,672.0,436.0,236.0,1701.0,811.0,1824.0,1843.0,1659.0,1420.0,221.0,1199.0,1010.0,874.0
2023-03-01,9572.0,8533.0,298.0,680.0,418.0,262.0,1381.0,692.0,1794.0,1913.0,1720.0,1445.0,234.0,1211.0,1038.0,903.0
2023-04-01,9992.0,8927.0,379.0,646.0,367.0,279.0,1689.0,883.0,1806.0,1935.0,1787.0,1383.0,235.0,1148.0,1064.0,902.0
2023-05-01,9310.0,8235.0,380.0,572.0,346.0,225.0,1525.0,753.0,1613.0,1879.0,1667.0,1308.0,154.0,1154.0,1075.0,897.0
2023-06-01,9191.0,8057.0,420.0,563.0,354.0,210.0,1398.0,686.0,1527.0,1924.0,1755.0,1218.0,151.0,1067.0,1134.0,960.0
2023-07-01,8606.0,7602.0,359.0,518.0,346.0,172.0,1432.0,717.0,1243.0,1938.0,1770.0,1187.0,136.0,1051.0,1004.0,853.0
2023-08-01,9287.0,8237.0,379.0,583.0,360.0,222.0,1248.0,604.0,1565.0,2096.0,1923.0,1199.0,168.0,1031.0,1050.0,865.0
2023-09-01,9279.0,8278.0,421.0,599.0,343.0,256.0,1289.0,638.0,1511.0,1956.0,1786.0,1374.0,182.0,1192.0,1001.0,838.0
2023-10-01,8550.0,7582.0,415.0,560.0,349.0,211.0,1288.0,531.0,1501.0,1807.0,1635.0,1197.0,208.0,989.0,969.0,794.0
2023-11-01,8663.0,7644.0,449.0,540.0,362.0,178.0,1315.0,586.0,1379.0,1881.0,1719.0,1183.0,180.0,1003.0,1020.0,854.0
2023-12-01,8585.0,7604.0,453.0,596.0,420.0,176.0,1319.0,739.0,1405.0,1992.0,1808.0,918.0,159.0,759.0,981.0,825.0
2024-01-01,8468.0,7577.0,407.0,556.0,326.0,230.0,1088.0,571.0,1443.0,2045.0,1890.0,1085.0,167.0,917.0,891.0,751.0
2024-02-01,8445.0,7521.0,429.0,561.0,366.0,195.0,1041.0,584.0,1399.0,1918.0,1765.0,1087.0,169.0,918.0,924.0,777.0
2024-03-01,8093.0,7101.0,338.0,513.0,326.0,188.0,994.0,493.0,1272.0,1870.0,1693.0,1177.0,164.0,1012.0,992.0,830.0
2024-04-01,7619.0,6764.0,326.0,491.0,324.0,166.0,988.0,501.0,1289.0,1769.0,1541.0,1042.0,144.0,898.0,855.0,719.0
2024-05-01,7901.0,6852.0,375.0,576.0,405.0,171.0,985.0,487.0,1302.0,1859.0,1674.0,871.0,139.0,732.0,1049.0,879.0
2024-06-01,7412.0,6455.0,285.0,452.0,294.0,158.0,1071.0,514.0,1131.0,1784.0,1609.0,906.0,129.0,777.0,957.0,849.0
2024-07-01,7504.0,6585.0,229.0,499.0,337.0,162.0,965.0,513.0,1367.0,1694.0,1519.0,947.0,134.0,813.0,919.0,776.0
2024-08-01,7649.0,6638.0,304.0,467.0,298.0,169.0,1097.0,559.0,1332.0,1646.0,1499.0,971.0,127.0,844.0,1011.0,863.0
2024-09-01,7103.0,6241.0,251.0,469.0,317.0,153.0,923.0,475.0,1308.0,1473.0,1304.0,965.0,134.0,831.0,862.0,722.0
2024-10-01,7615.0,6715.0,249.0,455.0,311.0,144.0,927.0,467.0,1358.0,1606.0,1459.0,1166.0,98.0,1068.0,900.0,758.0
2024-11-01,8031.0,7162.0,277.0,443.0,286.0,157.0,1007.0,549.0,1733.0,1690.0,1520.0,1021.0,126.0,896.0,869.0,749.0
2024-12-01,7508.0,6634.0,205.0,431.0,291.0,140.0,1079.0,519.0,1364.0,1585.0,1421.0,1147.0,184.0,963.0,874.0,736.0
2025-01-01,7762.0,6860.0,242.0,513.0,369.0,144.0,1234.0,656.0,1211.0,1650.0,1498.0,1057.0,156.0,901.0,902.0,770.0
2025-02-01,7480.0,6588.0,286.0,445.0,313.0,131.0,1036.0,528.0,1336.0,1570.0,1405.0,1030.0,130.0,900.0,892.0,759.0
2025-03-01,7200.0,6342.0,251.0,397.0,261.0,136.0,1036.0,538.0,1249.0,1512.0,1368.0,960.0,135.0,825.0,858.0,737.0
2025-04-01,7395.0,6562.0,242.0,392.0,257.0,135.0,1036.0,561.0,1386.0,1716.0,1547.0,914.0,188.0,727.0,833.0,705.0
2025-05-01,7712.0,6876.0,232.0,425.0,296.0,129.0,951.0,466.0,1302.0,1771.0,1615.0,1199.0,137.0,1062.0,836.0,742.0
2025-06-01,7357.0,6536.0,242.0,396.0,243.0,153.0,1102.0,629.0,1365.0,1570.0,1435.0,1034.0,170.0,864.0,821.0,704.0
2025-07-01,7208.0,6401.0,303.0,438.0,262.0,176.0,1096.0,548.0,1274.0,1429.0,1297.0,995.0,115.0,880.0,807.0,668.0
2025-08-01,7227.0,6457.0,188.0,409.0,259.0,150.0,1149.0,603.0,1235.0,1523.0,1378.0,1092.0,106.0,986.0,770.0,693.0
2025-09-01,7658.0,6871.0,231.0,385.0,256.0,129.0,1124.0,620.0,1502.0,1512.0,1375.0,1181.0,162.0,1019.0,787.0,673.0
2025-10-01,7449.0,6665.0,202.0,414.0,274.0,140.0,1310.0,651.0,1300.0,1531.0,1401.0,1155.0,170.0,985.0,784.0,698.0
2025-11-01,6928.0,6227.0,284.0,399.0,271.0,128.0,1196.0,726.0,1273.0,1464.0,1341.0,884.0,160.0,724.0,701.0,598.0
2025-12-01,6542.0,5804.0,292.0,433.0,294.0,139.0,1024.0,531.0,1016.0,1388.0,1249.0,950.0,142.0,809.0,738.0,641.0
