h,beta,se,tstat,pval,partial_f,ci90_lo,ci90_hi,ci95_lo,ci95_hi,delta_lev_h,delta_lev_se,delta_lev_t,delta_lev_p,delta_chg_h,delta_chg_se,delta_chg_t,delta_chg_p,phi_lev_h,phi_lev_p,phi_chg_h,phi_chg_p,nobs,r2,n_clusters,qt_range,outcome,instr_sd,label
0,0.17163802862480484,0.07906064282602662,2.1709667729681286,0.02993368414835437,4.7130967293316495,0.04158327117599106,0.30169278607361866,0.01667916868579268,0.326596888563817,-0.016154290528031485,0.027564083898624102,-0.5860630299720517,0.5578331591620924,0.3844593563325962,0.1497380053310979,2.567546932941218,0.010242092362144241,0.028577795449520806,0.0037357915073167893,0.31567167239833654,0.008599076511827682,3700,0.6541121091888404,50,2001Q3–2019Q4,unemp,16.92152793209377,LD (sev+unemp)
1,0.36672773009031817,0.1486499920034668,2.4670551619119188,0.013622936951688942,6.086361171916244,0.1221984932446153,0.611256966936021,0.0753737457635233,0.6580817144171132,-0.07802370103005338,0.05049172635988095,-1.5452769523849836,0.12227928780600825,0.5192656127185308,0.2837214150353373,1.830195343745401,0.06722073381639233,0.04651071190249002,0.00884744383180992,0.8214899050205641,0.00032647066277396037,3650,0.7170979126685179,50,2001Q3–2019Q3,unemp,16.92152793209377,LD (sev+unemp)
2,0.5154976697344341,0.20756164261510757,2.4835883125590237,0.013006607919178162,6.1682109062797785,0.17405876763258218,0.856936571836286,0.10867685020882331,0.9223184892600449,-0.15741961361279283,0.070304526436004,-2.2391106461130486,0.025148717740109006,0.3262473779982329,0.413599794295307,0.7887996621325561,0.4302291070224955,0.08804556207688671,0.00026730694742808225,1.1477696657498033,0.00024410821788264215,3600,0.7619905457471856,50,2001Q3–2019Q2,unemp,16.92152793209377,LD (sev+unemp)
3,0.6381829278205676,0.25544218662711615,2.498345853702546,0.012477439439538898,6.241732004712704,0.21798053081896152,1.0583853248221737,0.13751624203141996,1.1388496136097153,-0.2223548741711729,0.09073194619255767,-2.4506789890660547,0.014258705173298683,0.006498200366277039,0.5342436769186084,0.012163364110843813,0.9902952788672101,0.1572146351168735,2.1005324300379803e-07,1.1738622789589708,0.0016132820707352913,3550,0.7953866705774135,50,2001Q3–2019Q1,unemp,16.92152793209377,LD (sev+unemp)
4,0.7457794799579869,0.3016697622634159,2.4721718025778716,0.013429496017459531,6.111633421461123,0.2495327210346677,1.242026238881306,0.15450674592169175,1.337052213994282,-0.2691117780758011,0.10442402900611582,-2.5771058695699245,0.009963143006866487,-0.3525457889691773,0.6257562474585284,-0.5633915608530015,0.5731682824926341,0.22286135695816758,1.0168004065524338e-10,1.0981864263005092,0.00788830700731732,3500,0.8204353768310835,50,2001Q3–2018Q4,unemp,16.92152793209377,LD (sev+unemp)
5,0.850368380460539,0.34935204123294294,2.43413027575106,0.014927621341240798,5.924990199327931,0.27568427263234785,1.4250524882887303,0.16563837964397085,1.5350983812771073,-0.30118608452977885,0.11617954251818531,-2.5924192676402984,0.009530354660435255,-0.677748573730834,0.6684352917381944,-1.0139329597161477,0.3106147427724679,0.24858862374952811,7.85500895221632e-12,1.0538464157019174,0.01720853976035407,3450,0.8392371379699155,50,2001Q3–2018Q3,unemp,16.92152793209377,LD (sev+unemp)
6,0.9872810413951758,0.39469418748440893,2.5013822668320267,0.012370956720421142,6.256913244821728,0.33800910298332315,1.6365529798070284,0.21368043392573433,1.7608816488646173,-0.3178269164604364,0.12675527943978734,-2.5074057496075652,0.012162101173846052,-0.944160377033854,0.6657399652549902,-1.4182119540806353,0.15612889287795362,0.26130408180855724,5.390713273697174e-12,1.035273533582801,0.02165520665892254,3400,0.8536129549196128,50,2001Q3–2018Q2,unemp,16.92152793209377,LD (sev+unemp)
7,1.1277400575444985,0.4314158520214295,2.614044088228081,0.008947748946435432,6.83322649520018,0.4180609809692469,1.83741913411975,0.2821649875824966,1.9733151275065002,-0.3039417652506068,0.12931702865701541,-2.350361498459298,0.01875518611712247,-1.204723111707998,0.6414676121390049,-1.8780731698842754,0.06037115611536079,0.25844258106029927,2.169385385482824e-11,0.9401571420104492,0.03193018048831151,3350,0.8658125112696362,50,2001Q3–2018Q1,unemp,16.92152793209377,LD (sev+unemp)
8,1.2593698626338328,0.46416880293328444,2.7131721362472603,0.006664247859149364,7.361303040908522,0.49581218180857994,2.022927543459086,0.3495990088845954,2.1691407163830703,-0.2802599411984655,0.13290248062874746,-2.1087638084149036,0.03496497399634863,-1.455152105268614,0.6152762674532078,-2.36503857249667,0.018028193151315503,0.27079851748602346,9.646089822702663e-12,0.6398248503487244,0.12089125279336921,3300,0.8766171834532785,50,2001Q3–2017Q4,unemp,16.92152793209377,LD (sev+unemp)
9,1.3606197764131793,0.5000663963058699,2.7208782402986036,0.006510873836625276,7.403178398530426,0.5380105544900233,2.183228998336335,0.38048963965367427,2.340749913172684,-0.23195451812492765,0.129717421906911,-1.788152390905402,0.0737514249696415,-1.6131681078041031,0.5800570076454279,-2.781050976958779,0.005418322823152599,0.31243513379975557,1.0052176096011852e-14,0.11791069713602764,0.7614067099487749,3250,0.8858763391342224,50,2001Q3–2017Q3,unemp,16.92152793209377,LD (sev+unemp)
10,1.5065022594622524,0.513636752333944,2.933011028935856,0.0033569196695042275,8.602553695859369,0.6615698018729146,2.3514347170515904,0.49977422488772216,2.5132302940367826,-0.24795854285179028,0.13161502844442738,-1.8839683110845304,0.05956926199876822,-1.7279328499100688,0.536489276402152,-3.2208152630711884,0.001278265153993232,0.3523399463526965,4.809481290013297e-17,-0.41742363573729013,0.26270997317353806,3200,0.8946521031541035,50,2001Q3–2017Q2,unemp,16.92152793209377,LD (sev+unemp)
11,1.610468098435968,0.5192283498643546,3.1016567158875157,0.001924409797816003,9.620274383210129,0.7563374629091048,2.4645987339628315,0.5927805327018331,2.628155664170103,-0.26671556243822797,0.12909619798994612,-2.066021823965718,0.03882641894640825,-1.9121256176774044,0.4947675955713457,-3.8646945248492433,0.00011122831592834033,0.372500092887227,2.9277371259190688e-18,-0.8819149317898164,0.02336593199645951,3150,0.9025186374727839,50,2001Q3–2017Q1,unemp,16.92152793209377,LD (sev+unemp)
12,1.7249351231690842,0.5122469290015524,3.367389876853428,0.0007588332606199677,11.339314582734945,0.8822889249615306,2.567581321376638,0.7209311423260416,2.728939104012127,-0.2625223490825325,0.1355830307264076,-1.9362478303960857,0.05283735494781548,-2.099889812608979,0.4629740305389307,-4.535653566064118,5.7425375934932815e-06,0.40058270566773413,5.457348960005221e-17,-1.3138154754653757,0.0021133451447866874,3100,0.9096805316103572,50,2001Q3–2016Q4,unemp,16.92152793209377,LD (sev+unemp)
13,1.821187712046561,0.5185960185171783,3.5117657039749037,0.0004451402448445573,12.332498359614352,0.9680972615858026,2.6742781625073193,0.8047395157528915,2.8376359083402303,-0.245328011006092,0.13857714636514828,-1.7703352785145186,0.07667130446486503,-2.1399832557364884,0.4385357409387948,-4.8798377326220255,1.061731602449353e-06,0.4220954898985837,8.032754513887885e-15,-1.6601748435383996,0.0005162703249194455,3050,0.9163238985459519,50,2001Q3–2016Q3,unemp,16.92152793209377,LD (sev+unemp)
14,1.846671657003814,0.5229525289868733,3.5312414696251855,0.00041361397216398415,12.46966631680064,0.9864147468204073,2.7069285671872203,0.8216847001895422,2.8716586138180857,-0.21350138447821812,0.14029546810524815,-1.5217981547205195,0.1280596640039024,-1.9917353516441583,0.42946782294771024,-4.637682371577024,3.5233768470362314e-06,0.4247943512013694,1.7761302556095494e-13,-2.0132593797763265,0.00013830644058245153,3000,0.9223659298723202,50,2001Q3–2016Q2,unemp,16.92152793209377,LD (sev+unemp)
15,1.8826598921731679,0.523371284630022,3.5971784227788595,0.000321687829845684,12.939692605305803,1.0217141289567817,2.743605655389554,0.8568521742983248,2.908467610048011,-0.18997269372449163,0.14082483191362988,-1.3489999678537157,0.1773369764163113,-1.8117451152279611,0.4572312216943602,-3.9624265125950573,7.419184730823419e-05,0.44354497818648075,2.728020511717645e-13,-2.4314740721749564,2.3919972307578288e-05,2950,0.9282369538483484,50,2001Q3–2016Q1,unemp,16.92152793209377,LD (sev+unemp)
16,1.926233147397962,0.5247935192582299,3.6704590981241507,0.00024211521206319054,13.472269991002355,1.0629478082181738,2.7895184865777503,0.8976378496518312,2.954828445144093,-0.20033297064763425,0.14651437431317052,-1.3673263909207156,0.17152302318776558,-1.6202166761317383,0.4813602613883145,-3.3659128226721347,0.0007629081512071201,0.4415092410413489,7.823755158628492e-12,-2.753567986312194,1.656171654373296e-05,2900,0.9338447716471526,50,2001Q3–2015Q4,unemp,16.92152793209377,LD (sev+unemp)
17,1.9457661469689382,0.5121809583756385,3.7989818152159693,0.0001452917511806468,14.432262832341621,1.1032284704410127,2.7883038234968636,0.9418914685526866,2.94964082538519,-0.22682150470912385,0.15535731310915055,-1.4599988901054446,0.14429037896777222,-1.5206962340970853,0.46789410856041874,-3.2500863043047254,0.001153699902731689,0.4454108531517179,1.02707227791203e-10,-2.980268727740293,3.6457012692388285e-05,2850,0.9393894167585599,50,2001Q3–2015Q3,unemp,16.92152793209377,LD (sev+unemp)
18,1.9647010662941935,0.5243780723406744,3.7467262075325296,0.0001791574459163812,14.037957274211092,1.1020991372937838,2.827302995294603,0.9369200445064717,2.992482088081915,-0.2732948324573486,0.1667376768456371,-1.6390706505426502,0.10119854662619007,-1.5035843735607082,0.47953095238502297,-3.135531431458999,0.0017154304477400412,0.5061534757036981,1.0312878459093845e-11,-3.4259142861193266,1.9250243677627288e-05,2800,0.9451344465060489,50,2001Q3–2015Q2,unemp,16.92152793209377,LD (sev+unemp)
19,1.9548275434753801,0.5207876752185324,3.753597937307363,0.00017431438129817978,14.08949747495809,1.0981318177408943,2.811523269209866,0.9340837000470567,2.9755713869037037,-0.31874940559003495,0.181409879270346,-1.7570675140300314,0.07890630214661473,-1.453530563243954,0.5293329592593351,-2.745966480677483,0.00603329274879038,0.5221099311978319,1.7810530253126447e-11,-3.5856986249958087,2.5740870506136095e-05,2750,0.9493085204637731,50,2001Q3–2015Q1,unemp,16.92152793209377,LD (sev+unemp)
20,1.9627985520644364,0.5276050469807405,3.7202042764691092,0.0001990617048506944,13.839919858659048,1.094888249781118,2.8307088543477548,0.928692659982185,2.996904444146688,-0.3814101988939301,0.20335834769126707,-1.8755571296880142,0.060716117800539496,-1.3563553038092915,0.5915248447764953,-2.2929811246081875,0.02184909167379235,0.5309161235281463,9.029389554414995e-11,-3.7271685085067143,3.1195103617505223e-05,2700,0.9529449091568042,50,2001Q3–2014Q4,unemp,16.92152793209377,LD (sev+unemp)
