quarter_label,s_nat,g_ld_nat,g_delta_nat
1948Q1,0.08983361271468115,,
1948Q2,0.08095857628047554,,
1948Q3,0.08629513391344878,,
1948Q4,0.09041945839216925,,
1949Q1,0.10299775950948897,,
1949Q2,0.11244684856182918,,
1949Q3,0.11899221043881658,,
1949Q4,0.11028042491769963,,
1950Q1,0.09418020136472183,,
1950Q2,0.08950466539768998,,
1950Q3,0.07845072396083208,,
1950Q4,0.08283587003357185,,
1951Q1,0.07505630865192525,,
1951Q2,0.07395899321704935,,
1951Q3,0.08071066388333747,,
1951Q4,0.07340434682087416,,
1952Q1,0.0756191390785157,,
1952Q2,0.07705270031804112,,
1952Q3,0.07438837844826551,,
1952Q4,0.0667018809662584,,
1953Q1,0.06937869547982123,,
1953Q2,0.06320020937735982,,
1953Q3,0.07430196558429725,,
1953Q4,0.09611276984881434,,
1954Q1,0.10251363569965333,,
1954Q2,0.09667574914555466,,
1954Q3,0.09395917137156873,,
1954Q4,0.08601946466275667,,
1955Q1,0.07454099179690488,,
1955Q2,0.0780943528865512,,
1955Q3,0.08316158456722811,,
1955Q4,0.07946761656007395,,
1956Q1,0.08122376979916612,,
1956Q2,0.08602143180946542,,
1956Q3,0.07956536073238518,,
1956Q4,0.08289979664215597,,
1957Q1,0.07516578775957461,,
1957Q2,0.08022139082083812,,
1957Q3,0.08150343899509693,,
1957Q4,0.09007389147660483,,
1958Q1,0.10401703125301609,,
1958Q2,0.09943181149859992,,
1958Q3,0.09257753261491886,,
1958Q4,0.08923912931419131,,
1959Q1,0.08398848225300626,,
1959Q2,0.08518076874449998,,
1959Q3,0.09074627718992267,,
1959Q4,0.09377478972807818,,
1960Q1,0.08924686792186898,,
1960Q2,0.09406602781407802,,
1960Q3,0.09271841677428616,,
1960Q4,0.10152078289271449,,
1961Q1,0.09936877150927637,,
1961Q2,0.09455201142673109,,
1961Q3,0.09603160842804104,,
1961Q4,0.09153668329499254,,
1962Q1,0.08704675602135359,,
1962Q2,0.08437379878634943,,
1962Q3,0.09138355789963093,,
1962Q4,0.09416961721949724,,
1963Q1,0.09346898218505673,,
1963Q2,0.09307726679472572,,
1963Q3,0.08984092767476004,,
1963Q4,0.09548593349621415,,
1964Q1,0.09220514736985508,,
1964Q2,0.08497233575740659,,
1964Q3,0.08965321999752329,,
1964Q4,0.08510711511643754,,
1965Q1,0.09017118371896427,,
1965Q2,0.08688046292798501,,
1965Q3,0.08277324324384805,,
1965Q4,0.07744563976402419,,
1966Q1,0.08030372033792665,,
1966Q2,0.0859993068269499,,
1966Q3,0.08193523005936443,,
1966Q4,0.07988157443622201,,
1967Q1,0.08116728268994178,,
1967Q2,0.08421622983647103,,
1967Q3,0.0840570770444522,,
1967Q4,0.07975710405823544,,
1968Q1,0.08139098732616101,,
1968Q2,0.0834462961669169,,
1968Q3,0.07916878062686605,,
1968Q4,0.07818712410402562,,
1969Q1,0.07683067273770328,,
1969Q2,0.0828701626880246,,
1969Q3,0.08375075020932121,,
1969Q4,0.07976008189795925,,
1970Q1,0.09604382501715569,,
1970Q2,0.09928126034629325,,
1970Q3,0.10578528141971288,,
1970Q4,0.10681208876950232,,
1971Q1,0.09907646922112001,,
1971Q2,0.10003307579580145,,
1971Q3,0.10364864294063592,,
1971Q4,0.10375873504246069,,
1972Q1,0.09805934472897415,,
1972Q2,0.09879592977824514,,
1972Q3,0.1028925825380167,,
1972Q4,0.09171911928328402,,
1973Q1,0.09730991067440353,,
1973Q2,0.10002080248426048,,
1973Q3,0.09540455611362697,,
1973Q4,0.09992881793757358,,
1974Q1,0.10225810075372432,,
1974Q2,0.10523091210683089,,
1974Q3,0.11245251825184865,,
1974Q4,0.12753345441479214,,
1975Q1,0.1212765771076626,,
1975Q2,0.11775966219620049,,
1975Q3,0.11538470593091577,,
1975Q4,0.10939400299611335,,
1976Q1,0.11074634526134508,,
1976Q2,0.11184958697307912,,
1976Q3,0.1140419927401356,,
1976Q4,0.11199481345310569,,
1977Q1,0.11735142539428123,,
1977Q2,0.11269078812445377,,
1977Q3,0.1107332601820773,,
1977Q4,0.10767587600029693,,
1978Q1,0.10632747160374989,,
1978Q2,0.10977266915877526,,
1978Q3,0.10814882010659099,,
1978Q4,0.10731399929237073,,
1979Q1,0.10688907256847868,,
1979Q2,0.10647635459200455,,
1979Q3,0.11369601792316908,,
1979Q4,0.11199421194130443,,
1980Q1,0.11440510821426642,,
1980Q2,0.12526502681411,,
1980Q3,0.11592684998557268,,
1980Q4,0.11218121965766914,,
1981Q1,0.11476361108068334,,
1981Q2,0.11707818262000647,,
1981Q3,0.12124580322048861,,
1981Q4,0.13543322959049997,,
1982Q1,0.1335921952871063,,
1982Q2,0.1295552199065534,,
1982Q3,0.13245285720266065,,
1982Q4,0.1305356309192809,,
1983Q1,0.12149588116147525,,
1983Q2,0.12068891627349887,,
1983Q3,0.12269587492864276,,
1983Q4,0.11399472211911998,,
1984Q1,0.1121290564663664,,
1984Q2,0.10890709093432749,,
1984Q3,0.1147520537688882,,
1984Q4,0.11561625628562577,,
1985Q1,0.11567260836221249,,
1985Q2,0.11647367066425207,,
1985Q3,0.11390681036996253,,
1985Q4,0.11188008837588637,,
1986Q1,0.11473108343628646,,
1986Q2,0.11327877415953058,,
1986Q3,0.10983162007405123,,
1986Q4,0.10745892046640093,,
1987Q1,0.10540761235788831,,
1987Q2,0.10326976667257992,,
1987Q3,0.10244165235550562,,
1987Q4,0.10006926036402575,,
1988Q1,0.09736049276044512,,
1988Q2,0.09682102167162532,,
1988Q3,0.09918046984915674,,
1988Q4,0.09607678642713124,,
1989Q1,0.09808460657727458,,
1989Q2,0.0993107987488735,,
1989Q3,0.09857132127949386,,
1989Q4,0.10022504069014926,,
1990Q1,0.09915987709987872,,
1990Q2,0.0964299393531095,,
1990Q3,0.09995703850380311,,
1990Q4,0.10375425538968375,,
1991Q1,0.10482701729128896,,
1991Q2,0.10402402906902519,,
1991Q3,0.10298346300573324,,
1991Q4,0.10125021324972328,,
1992Q1,0.09698778261119423,,
1992Q2,0.09982081526924635,,
1992Q3,0.0991389125455685,,0.011241665422117115
1992Q4,0.09448435079650785,,0.01081065185364297
1993Q1,0.09778257354135278,,0.011707148429385085
1993Q2,0.0951550076327583,,0.01092604152644901
1993Q3,0.09267314120599057,,0.010438282291001725
1993Q4,0.09686768525309952,,0.010684113738677906
1994Q1,0.09198276533153749,,0.011512484190979808
1994Q2,0.09196216237665367,,0.011680402016101257
1994Q3,0.08591604195246438,,0.010331972023254882
1994Q4,0.08845334890994472,,0.011294669495086647
1995Q1,0.08652685095184165,,0.011236878730403146
1995Q2,0.08802779188788401,,0.011561128928389522
1995Q3,0.09232643681016262,,0.011893753225635505
1995Q4,0.0902292261336286,,0.011930890621294162
1996Q1,0.0858962169278108,,0.012183368737565082
1996Q2,0.08743086987376358,,0.01195070537645483
1996Q3,0.08156992557600184,,0.012186721156766105
1996Q4,0.09031003613785915,,0.011932329030507569
1997Q1,0.08187625465409198,,0.012477715005908559
1997Q2,0.08070048680511632,,0.01223833209349404
1997Q3,0.08157130716958505,,0.01345902374090948
1997Q4,0.0820285696932409,,0.014640114757603427
1998Q1,0.08766305740854974,,0.015135182361400571
1998Q2,0.0840527476910563,,0.014002752830438931
1998Q3,0.08733407132093585,,0.013263363675863683
1998Q4,0.08162530106464738,,0.013092033182095045
1999Q1,0.08446202433608274,,0.015012070176073613
1999Q2,0.08255030336959923,,0.013164348401282467
1999Q3,0.08309673108675486,,0.013777175150911265
1999Q4,0.08368156448648933,,0.01277099238925094
2000Q1,0.08436677015554694,,0.013445810602775386
2000Q2,0.08033205245437924,,0.012707603521736036
2000Q3,0.08082832125502393,,0.013706474208089766
2000Q4,0.07966197652428386,0.043350653620924606,0.012985482395007094
2001Q1,0.08936877966217738,0.044399850810906805,0.015359221836856868
2001Q2,0.08443572187960524,0.04261641058058585,0.013617998960440152
2001Q3,0.0907732489511539,0.044353294528867826,0.014143032799782582
2001Q4,0.09277389160105043,0.046928012772434635,0.013181155360898315
2002Q1,0.09034990419596878,0.04178216194713702,0.013354450507296157
2002Q2,0.08443989932763196,0.042917249127622736,0.01301369047530506
2002Q3,0.08447161248337032,0.04355444633774275,0.012341794408662272
2002Q4,0.08583852160107042,0.042458602978811544,0.012143137069173046
2003Q1,0.08256149861450379,0.043537678553349335,0.01269615642383437
2003Q2,0.08408894463067862,0.04398637167933772,0.01172907257680685
2003Q3,0.08046098112545363,0.04409260476577248,0.011056219869383866
2003Q4,0.07721613487420786,0.04225490325665693,0.011357989875111288
2004Q1,0.07662367184745844,0.0433123340429411,0.011847395275577455
2004Q2,0.0805655751043508,0.04125609891638826,0.012016905506210162
2004Q3,0.0798319214001556,0.04159174989535752,0.012341011151228862
2004Q4,0.07871359214174023,0.04148108754702973,0.011502029317618546
2005Q1,0.07714847054594398,0.04394471870619199,0.011786119833917887
2005Q2,0.07788536022021153,0.041750059389119465,0.011418235173174605
2005Q3,0.07813409484750677,0.04044993266521202,0.01167670990841935
2005Q4,0.07737119957710692,0.03851903523678679,0.010995449359153966
2006Q1,0.07647594557193116,0.038218604923097144,0.010502054838598373
2006Q2,0.07709764128376106,0.03878205791112177,0.011073984776530179
2006Q3,0.07604070916489702,0.037340745212302684,0.010969904870817759
2006Q4,0.07289230623145326,0.03794456191805218,0.010935784471146686
2007Q1,0.0697280588475282,0.03819353056814301,0.010621087781092095
2007Q2,0.07108436474133206,0.039323665055328916,0.011459458714421498
2007Q3,0.0730634925668554,0.04132832018417054,0.01119312477009041
2007Q4,0.07409710172517603,0.039656962776733584,0.01100936985308842
2008Q1,0.07489956222733662,0.03982642604892783,0.0113244475133051
2008Q2,0.08209158472286138,0.04109095649726335,0.012091600366042536
2008Q3,0.08506289952629453,0.04307170979598329,0.011370563181438066
2008Q4,0.09158979709473802,0.04795452829005842,0.012114317710572435
2009Q1,0.09258315765845626,0.053811247478957935,0.011427331589833483
2009Q2,0.08566521134382532,0.05006565831693821,0.01131829169283707
2009Q3,0.08112297339189589,0.046468277495138266,0.011094100248119217
2009Q4,0.07853684889965096,0.042558295540812696,0.01064660928452511
2010Q1,0.07493632515724102,0.040068445805128805,0.010048050048925764
2010Q2,0.0751865708417584,0.039588924368760714,0.009748427743028748
2010Q3,0.07351875631384586,0.04166702456064131,0.010273564487790984
2010Q4,0.07535921033151549,0.03864177847444006,0.01025706700173028
2011Q1,0.07044170679356876,0.03806446510824135,0.009482105189556504
2011Q2,0.074795935563984,0.03986551337334143,0.01020634119874022
2011Q3,0.0730543109968037,0.039236872773837916,0.009602392885965117
2011Q4,0.06991005689951635,0.038631245586547736,0.010082906225077388
2012Q1,0.07144750698413094,0.038170890257850365,0.009048989828784838
2012Q2,0.07137708973966328,0.03984118885954746,0.009412396376036044
2012Q3,0.07182029894672015,0.03755103578091801,0.009626474571818484
2012Q4,0.07274681507946512,0.03795651483575202,0.009486146388958493
2013Q1,0.06898251769434782,0.03536109570441792,0.009482922335286696
2013Q2,0.07050970786361366,0.037006618150564274,0.009707124289697788
2013Q3,0.07097505306996799,0.0370893219497227,0.009181596069426914
2013Q4,0.06524441320585017,0.03476613430605968,0.009587862983274763
2014Q1,0.06497819245836245,0.035872135573206565,0.009181823293564517
2014Q2,0.06856319684296786,0.035450115264249016,0.009701173244435035
2014Q3,0.06779059152162692,0.035047426259095515,0.009430846653577149
2014Q4,0.064954004889472,0.03628816365316301,0.009841913368755428
2015Q1,0.06849516081584084,0.03680263943580697,0.00960823005575455
2015Q2,0.06638934631769255,0.03579551259668534,0.009487260046443733
2015Q3,0.061244842604025185,0.03608123059216228,0.009651985480207594
2015Q4,0.0625094930800476,0.03583765801809302,0.009949123329109587
2016Q1,0.06435384749570949,0.036314611296747845,0.009551942019769968
2016Q2,0.06134048346084875,0.034955195168066444,0.010407151677425222
2016Q3,0.06506579744539343,0.033933670047647135,0.009835884653891444
2016Q4,0.06442986620398283,0.03333338263028496,0.01030273082510566
2017Q1,0.06451967777426626,0.033812957592924686,0.00936110226371072
2017Q2,0.05786046212769902,0.0353034013929735,0.010028287199662358
2017Q3,0.058860527899863846,0.035754144225103146,0.01029905407880459
2017Q4,0.06029490067275456,0.034174381755396555,0.010323795313854767
2018Q1,0.06186818648380776,0.03506879072197444,0.009545378437776269
2018Q2,0.055137902854856535,0.033831666025502805,0.010298247042325789
2018Q3,0.056435502511118396,0.03407277978104262,0.010400639007971987
2018Q4,0.05855147713042319,0.03526290099313778,0.01061971237130003
2019Q1,0.0568914558207847,0.03255954222345958,0.010057997953144725
2019Q2,0.05366967029473213,0.03476184917954328,0.01080879120339399
2019Q3,0.053060586089744066,0.035113844452449694,0.010129512520477139
2019Q4,0.0542859977157466,0.034459765833664835,0.010682041871632571
2020Q1,0.15269835304923995,0.10350953076104263,0.011946832445136914
2020Q2,0.09372055015622438,0.09690638679934704,0.024111122982038605
2020Q3,0.06675687013823228,0.033534679703544956,0.011044840900867135
2020Q4,0.06720210497582413,0.03753383817556244,0.010823082969932948
2021Q1,0.05861479403725134,0.03092695368400289,0.009210886712225818
2021Q2,0.054338015500517534,0.02675363628834515,0.010066104431658647
2021Q3,0.05671039129151201,0.02684599480703409,0.011545854929074518
2021Q4,0.057305304695011605,0.025931332645518168,0.010739937971750338
2022Q1,0.05951765675983822,0.026411652930528717,
2022Q2,0.056513033298880466,0.027197030856014215,
2022Q3,0.05791512216057082,0.0281818683785221,
2022Q4,0.05668192558893381,0.02844337130125818,
2023Q1,0.05558157157476329,0.032080003310481,
2023Q2,0.05287616576607468,0.029852139095153163,
2023Q3,0.055685851365084305,0.029951385863156155,
2023Q4,0.055086920901455394,0.029829528959770424,
2024Q1,0.05795848443324836,0.03057163462993351,
2024Q2,0.05734534725904372,0.029423606039647887,
2024Q3,0.05693672572579367,0.03169291291433474,
2024Q4,0.05624813201009138,0.03169350184821684,
2025Q1,0.057206437713009595,0.031457839388157494,
2025Q2,0.05846240789829715,0.032259344280743285,
2025Q3,0.05991804267943923,0.032806647848837134,
2025Q4,0.055411330838159856,0.030135831402075652,
2026Q1,0.055431113337965576,0.030791409800885794,
